t,p,o,c,h,l,v
1492552800,,36.15,37.5,37.88,36.15,10267297
1492639200,,37.45,38,38.2,37.2,1361524
1492725600,,38.14,39.19,39.5,38.08,1513875
1492984800,,39.5,39.36,39.5,38.6,664260
1493071200,,38.86,39.15,39.94,38.72,920443
1493157600,,39.2,38.69,39.46,37.51,472193
1493244000,,38.69,38.55,38.69,38.18,66596
1493330400,,38.69,38.76,38.76,37.77,181393
1493676000,,38.55,38.7,38.7,38.08,45397
1493848800,,39,38.8,39.48,38.7,168665
1493935200,,38.99,38.84,39.3,38.81,127879
1494194400,,39,39.01,39.35,37.95,146641
1494280800,,39.03,38.6,39.33,38.21,85999
1494367200,,38.5,38.4,38.5,38.05,71885
1494453600,,38.4,38,38.4,37.6,246320
1494540000,,38,38.79,38.79,37.79,98143
1494799200,,38.5,39,39.15,38.5,481057
1494885600,,39,38.98,39.28,38.87,190881
1494972000,,38.75,38.71,39,38.3,24182
1495058400,,38.31,38.23,38.59,37.76,39541
1495144800,,38.05,39.8,39.95,38.05,233673
1495404000,,39.79,40.5,40.56,39.3,250581
1495490400,,40.65,40.35,40.65,40,134415
1495576800,,41,41.48,42.03,40.35,581839
1495663200,,41.53,40.83,41.53,40.36,267990
1495749600,,40.75,41.45,41.5,40.75,126791
1496008800,,41.38,41.48,41.5,41.24,5600
1496095200,,41.69,40.65,41.69,40.65,143936
1496181600,,40.7,41.13,41.13,40.7,239122
1496268000,,41.29,43.01,43.18,41.29,182903
1496354400,,43.7,45,46.22,43.7,457453
1496613600,,45,45,45.8,43.92,89875
1496700000,,44.6,44.49,44.7,44.23,46305
1496786400,,44.71,44.39,45,43.95,76436
1496872800,,44.68,43.76,44.68,43.5,193194
1496959200,,43.99,43.85,44,43.7,8917
1497218400,,44,43.88,44.14,43.21,13507
1497304800,,43.88,43.85,43.9,43.6,8015
1497391200,,44.05,43.35,44.05,43.35,271799
1497564000,,43.35,43.75,44,43.1,203057
1497823200,,44.99,44.9,45.3,44.56,543931
1497909600,,45.17,45.31,45.6,45.17,84724
1497996000,,45.95,45.19,45.95,45.19,28979
1498082400,,45.19,45.1,45.19,45,655945
1498168800,,45.5,45.48,45.79,45.12,56530
1498428000,,45.79,45.8,45.93,45.51,99575
1498514400,,45.8,45.4,45.8,45.4,13291
1498600800,,45.4,45.6,45.6,45,21496
1498687200,,45.9,46,46,45.8,68021
1498773600,,45.85,46.89,46.89,45.83,121770
1499032800,,47.13,47.1,47.32,46.52,13975
1499119200,,47.1,46.97,47.75,46.83,139571
1499205600,,47.3,46.5,47.3,45.25,41905
1499292000,,46.12,47,47,46,7936
1499378400,,47.2,46.2,47.78,46.03,242915
1499637600,,46.2,47.2,47.2,46.2,462388
1499724000,,47.2,47.15,47.2,47,90492
1499810400,,47.16,48.24,48.46,47.15,268872
1499896800,,48.25,48.3,48.3,47.53,308413
1499983200,,48.3,48.2,48.49,47.7,88014
1500242400,,46.11,48.41,50.2,46.11,225916
1500328800,,48.45,48.5,49.2,48.1,66410
1500415200,,49.8,48.9,49.9,47.15,500600
1500501600,,48.94,50,50.29,48.89,117036
1500588000,,50,50.04,51.44,49.9,285341
1500847200,,50.98,50,50.98,49.88,347122
1500933600,,50.39,50.15,50.39,50,22890
1501020000,,50.2,50.05,50.2,50,90477
1501106400,,50.2,50.8,51.1,50.06,49673
1501192800,,50.8,52.38,52.77,50.8,322844
1501452000,,53,53.4,53.6,52.47,409806
1501538400,,53,52.75,53.5,52.57,131873
1501624800,,53,53,53.5,52.76,71126
1501711200,,53.11,52.37,53.38,52.37,133448
1501797600,,52,51.5,52.76,51.5,98528
1502056800,,51.45,50.4,51.5,49.15,169069
1502143200,,50.99,50.99,51.39,50.5,146353
1502229600,,50.9,50.77,51.28,50.5,15599
1502316000,,51,51,51.19,50.75,73641
1502402400,,50.81,50.8,50.99,50.6,26404
1502661600,,50.92,50.39,50.92,49.37,49237
1502834400,,50.41,50.65,50.89,49.6,179528
1502920800,,50.05,50.1,50.5,50,88187
1503007200,,50.1,50.15,50.39,49.99,46944
1503266400,,50.1,50.48,50.5,50.1,11615
1503352800,,50.5,52.48,52.85,50.1,48993
1503439200,,52.39,52.17,52.5,52.01,398607
1503525600,,52.18,53,53,52.18,46324
1503612000,,52.75,53.45,53.78,52.64,21767
1503871200,,53.11,53.6,53.7,53.01,14339
1503957600,,53.61,54.28,54.3,53,77876
1504044000,,55.05,57.45,57.68,55.05,453641
1504130400,,58.2,58.98,59.47,58.2,430478
1504216800,,59.45,58.6,59.45,58.04,153220
1504476000,,58,58.95,59,58,45244
1504562400,,59.05,59,59.2,58.1,80663
1504648800,,58.88,59.5,59.5,58.65,114321
1504735200,,59.75,61.5,64.3,59.26,330047
1504821600,,62,62.35,63.99,61.99,231994
1505080800,,62.5,62.5,63.29,62.35,46027
1505167200,,62.75,63.26,63.88,62.52,53186
1505253600,,64.29,64.98,65.59,63.35,137440
1505340000,,65.49,65.25,65.49,65.09,38124
1505426400,,65.4,65.57,65.6,65,95150
1505685600,,65.6,61.9,67,60.35,207125
1505772000,,62,62.24,62.89,58.72,267529
1505858400,,62.8,63.8,63.83,62.5,331478
1505944800,,64.47,63.43,64.47,63,252594
1506031200,,63.62,63.65,63.9,63.31,74697
1506290400,,64,63.37,64.48,63.37,23308
1506376800,,63.6,63.7,64,62.42,254413
1506463200,,63.99,65.39,65.39,61.68,451228
1506549600,,65.5,65.93,66.5,65.2,352856
1506636000,,65,66.35,66.4,65,213594
1506895200,,66.5,67.07,67.89,66.47,123048
1506981600,,68.4,68.72,69.3,68.2,161174
1507068000,,69.5,67.9,69.5,67.55,184008
1507154400,,68,68.75,69,66.8,269074
1507240800,,68.75,68.75,68.95,68.24,410203
1507500000,,68.75,68.6,68.75,68.3,81444
1507586400,,68.5,68.8,69.49,68.5,129874
1507672800,,69.01,68.65,69.36,66.91,78791
1507759200,,69.47,69.5,69.97,68.95,89458
1507845600,,69.95,69.75,69.95,69.49,33305
1508104800,,69.97,68.8,69.99,68.62,95085
1508191200,,69.4,69,69.4,67.77,82907
1508277600,,69.2,68.8,69.2,68.62,25459
1508364000,,69.5,67,69.5,66.62,73837
1508450400,,67,66.85,67.29,66,134543
1508709600,,67.5,67.25,68.34,67,101765
1508796000,,67.32,67,67.8,66.42,450341
1508882400,,67.2,66.98,67.2,66.33,176804
1508968800,,67.48,68.19,68.98,67.11,235624
1509055200,,68.5,68,69.57,67.52,520459
1509318000,,68,68.6,69.84,68,119380
1509404400,,68.3,68.52,69.4,68.28,337378
1509577200,,68.52,68,69.5,68,210333
1509663600,,68.04,67.71,69.3,67.52,178704
1509922800,,67.74,67.8,69,67.74,147893
1510009200,,68.33,67.4,68.33,67.11,194443
1510095600,,67.4,66.99,68.2,63.27,415033
1510182000,,66.99,64.5,67.03,64,485805
1510268400,,64.5,64,65,64,262646
1510527600,,63.51,64.4,64.92,61.22,458077
1510614000,,67.5,66,67.77,64.5,832757
1510700400,,68.5,66.77,68.5,65.21,552346
1510786800,,67,66.5,67.22,65.42,457339
1510873200,,66.8,67.2,67.9,65.54,517538
1511132400,,67.21,67.3,68.6,66.99,379299
1511218800,,67.5,67.99,68.44,67.5,704289
1511305200,,68,71.1,71.1,67.9,678454
1511391600,,71.33,72.6,73.12,71.3,601065
1511478000,,73.2,74.7,75.15,73.19,945580
1511737200,,74.99,74.3,77.46,74.06,946051
1511823600,,73,77,77.2,73,641594
1511910000,,77.01,75.42,77.5,74.45,682378
1511996400,,75.25,72.84,75.25,71.05,5586540
1512082800,,72.85,72.35,73.34,71.15,563578
1512342000,,72.4,72.5,74.27,71.51,526512
1512428400,,72.5,77.25,77.25,72.04,809881
1512514800,,76.2,72.89,77,71.69,825537
1512601200,,72.89,74,74.93,72.89,409642
1512687600,,73.67,73,74.48,72.2,410681
1512946800,,72.75,74.99,74.99,72.25,356046
1513033200,,74.2,74.09,74.96,73.11,168738
1513119600,,74.07,76.54,76.86,73.57,361620
1513206000,,76.55,77.01,77.8,76.55,220594
1513292400,,77.03,77.5,77.89,76.55,1797169
1513551600,,77.99,76.95,77.99,74.53,162807
1513638000,,76.63,78.32,78.32,76,165736
1513724400,,78.4,76.43,78.4,76,134738
1513810800,,76.78,75.2,76.98,74.62,77620
1513897200,,75.9,74.57,76.31,74.57,45159
1514329200,,74.6,75.6,75.99,74.6,90652
1514415600,,75.8,77.5,77.5,75.05,51350
1514502000,,77.5,78.8,78.8,76.01,158311
1514934000,,78.5,81.6,82.3,76.95,280605
1515020400,,81.6,81.6,82,80.5,111832
1515106800,,81.95,82.5,84.35,81.55,250730
1515366000,,84,83.15,84,82.45,178639
1515452400,,83.6,81.45,83.65,81.15,167538
1515538800,,81.8,78.5,81.8,77.6,474887
1515625200,,78.7,77.5,79.9,77.5,264755
1515711600,,77.6,77.8,78.45,77.6,140207
1515970800,,78.2,77.8,78.25,75.3,149871
1516057200,,78.2,79.75,79.85,77.2,189334
1516143600,,80.05,80,81,78.55,144917
1516230000,,79.95,82.15,83.1,79.35,385467
1516316400,,82.7,82,83.9,81.7,213953
1516575600,,82.5,82.85,82.85,81.05,148853
1516662000,,82.9,83.6,83.6,80.55,167151
1516748400,,83.5,83.7,84,82.5,86074
1516834800,,83.95,80.2,83.95,79.5,199050
1516921200,,81,82.9,82.9,80.8,100835
1517180400,,83,82,83.25,81,91409
1517266800,,81.55,82,82.2,81.3,54900
1517353200,,82.5,83.5,83.95,82,161000
1517439600,,83.9,85,85,83.25,250025
1517526000,,84.5,88.2,88.2,82.4,388443
1517785200,,86,84.7,86.5,82.5,186980
1517871600,,81,80.25,81.65,78.3,530875
1517958000,,83.75,83,83.8,81.7,266126
1518044400,,83.2,80,83.2,80,155207
1518130800,,77.95,79.65,80.5,77.4,307774
1518390000,,80.05,81.1,81.85,80.05,160262
1518476400,,81.9,81.4,81.95,81,117645
1518562800,,81.8,80.35,81.9,80.15,126570
1518649200,,81.5,80.5,81.6,80.5,89284
1518735600,,81.45,83.25,83.9,81.1,187336
1518994800,,83.8,83,83.9,82.65,85774
1519081200,,83,83.3,83.75,82.45,146117
1519167600,,83.5,82.35,83.5,81,69362
1519254000,,82.5,82.5,82.9,80.25,123837
1519340400,,83,83,84.35,82.55,162855
1519599600,,84,84.55,85,82.85,143249
1519686000,,85,84.95,85.5,83.85,114749
1519772400,,84.3,85.35,85.5,83.2,167480
1519858800,,84.4,83.3,85.4,83.2,106461
1519945200,,83.05,83,84,82.2,80747
1520204400,,82.9,84.5,84.95,81.35,102217
1520290800,,85,85,86,84.55,90543
1520377200,,84.95,89,89,84.5,120109
1520463600,,88.5,88.6,88.8,87.25,146212
1520550000,,88.6,90.95,91,87.25,117248
1520809200,,91.15,91.45,92.6,90.6,132823
1520895600,,91.9,92.2,92.5,90.3,83193
1520982000,,92,90,92.5,90,106315
1521068400,,90.05,89.75,91,89,69003
1521154800,,89.95,91.1,91.1,88.7,460222
1521414000,,93.25,90.45,94.75,89,166386
1521500400,,90.45,86.2,90.45,86.2,207005
1521586800,,87.35,90.6,90.6,86.05,235469
1521673200,,91,89.15,91.7,87.6,127198
1521759600,,87.9,87.5,88.5,85.5,545719
1522015200,,87.45,85.65,88.8,85.65,148747
1522101600,,87.45,89.35,89.6,86.25,138772
1522188000,,88.05,84.9,88.4,84.9,175538
1522274400,,85.55,86.85,87.7,85.1,97992
1522706400,,86.75,85.1,86.75,84.55,91674
1522792800,,85.15,86.35,86.7,85.15,100585
1522879200,,86.4,86.9,87,86.4,98285
1522965600,,87.3,89.55,90,87.05,192775
1523224800,,89.9,90,91.8,88,149398
1523311200,,91.3,90.95,91.4,89.3,151134
1523397600,,91,90.45,92.45,89.35,153096
1523484000,,90.5,91.9,92.6,90.5,106090
1523570400,,91.9,91.9,92.5,91.25,157542
1523829600,,92.1,92.3,92.5,91.45,65779
1523916000,,92.3,94,94.5,91.5,122072
1524002400,,94.5,94.5,95.25,93.4,125559
1524088800,,95,93.5,95.2,93.5,139637
1524175200,,93.5,90.9,94.25,90.9,87306
1524434400,,91,90.05,91.75,90.05,94261
1524520800,,90.8,90.5,93.1,90.5,149101
1524607200,,91.5,91,92.4,90.7,82318
1524693600,,91.1,90.75,91.5,90.75,95490
1524780000,,91.4,92.25,92.4,90.85,112302
1525039200,,92,95,95.5,91.5,208226
1525212000,,96,95.8,97.9,94.45,109551
1525384800,,96.45,97.1,98.5,95.8,220567
1525644000,,97.95,96.25,98.3,95.15,77633
1525730400,,97.15,96.65,98.85,96.35,223952
1525816800,,98.6,98.1,98.6,97.15,125104
1525903200,,98.7,97.65,99,97.1,108600
1525989600,,98.9,98.2,99,97.45,161223
1526248800,,98.2,100.5,102.3,98.2,98103
1526335200,,100.8,100,102.9,98.55,131965
1526421600,,103,107.1,110,103,603239
1526508000,,106.9,112.1,112.7,104.6,309717
1526594400,,111.9,106.1,111.9,104.2,309335
1526853600,,107.7,103.6,109.7,102.6,245563
1526940000,,103.7,105.8,106.9,103.6,141529
1527026400,,106.9,102.9,107.5,102.9,152256
1527112800,,104,108.8,109.6,103.8,212951
1527199200,,107.7,112,112,107.5,188903
1527458400,,110.6,108,111.9,106.6,180303
1527544800,,107,111.2,111.4,104.2,291199
1527631200,,110,111.4,111.4,107,550332
1527804000,,111.2,106.7,112.9,106.2,288936
1528063200,,108,108.3,109,106.9,177429
1528149600,,107.9,107.4,109,106.5,121496
1528236000,,108,105,108.1,105,216891
1528322400,,105.5,103.1,107.3,102.2,164329
1528408800,,103,102.2,104,100.4,192491
1528668000,,103,100.1,103.9,100.1,230560
1528754400,,100.2,100,101,96.65,305766
1528840800,,100.9,99.9,103,98.85,172870
1528927200,,101,103.3,103.9,99.6,256132
1529013600,,103.5,102.3,104.9,101.8,169808
1529272800,,102,98.7,102.2,98.1,213214
1529359200,,98,99.5,99.8,95.6,423493
1529445600,,99.55,100.5,102,98.8,385663
1529532000,,100,102,102,99,362454
1529618400,,102,98.15,102,96.05,388809
1529877600,,97.1,97.6,98.95,97,38914
1529964000,,97.65,96.9,97.65,95.95,178983
1530050400,,96.05,100.5,101.2,96.05,365308
1530136800,,100,100.5,102,99.95,129253
1530223200,,101.1,104,104.4,101,363188
1530482400,,103.5,101.3,103.8,100.3,351361
1530568800,,102,104,104.8,100.6,289873
1530655200,,103.9,109.3,109.7,103.9,171327
1530741600,,109.2,106.5,112.1,106.5,324010
1530828000,,106.9,103.5,108,103.5,262383
1531087200,,104.6,100.6,104.9,100,337376
1531173600,,101,99.5,101.7,98.75,604486
1531260000,,99.9,101.2,101.5,98.6,202416
1531346400,,101.4,100.4,101.5,99.8,171892
1531432800,,100.5,101,102.4,100.2,190801
1531692000,,102.4,103.4,103.4,100.6,142315
1531778400,,103.5,102.4,103.5,101.7,279186
1531864800,,102.5,101.2,102.9,99.6,135575
1531951200,,100.4,101,101.8,99.8,101262
1532037600,,102,104.6,105,101.5,184184
1532296800,,105,105.4,106,104.3,128612
1532383200,,104.6,103.1,105.9,103.1,148774
1532469600,,103.2,104.3,105.8,103.2,112315
1532556000,,103.7,101.8,104.4,101.2,175711
1532642400,,102,101,102.5,100.1,135268
1532901600,,101,97.55,101.2,97,218885
1532988000,,97.55,100.2,101.8,97,303439
1533074400,,100.2,100.7,101,99.4,128047
1533160800,,100,98.5,100.7,97.7,81412
1533247200,,99,98.5,99,97.25,97841
1533506400,,98,99.9,99.95,97.8,136261
1533592800,,99.85,100.1,100.5,98.45,84567
1533679200,,100,103.4,103.4,99.5,143517
1533765600,,103.1,103.3,104,100.9,76208
1533852000,,101.9,101.3,102.5,99.8,87255
1534111200,,100.4,99,100.9,98.8,50981
1534197600,,99,99.4,100.7,97.5,102389
1534370400,,100.2,97.55,100.2,97.5,57053
1534456800,,98.5,101.2,101.5,97.7,108647
1534716000,,101.8,98.2,102.9,98.1,109692
1534802400,,98.4,98,100,97.4,69850
1534888800,,101.3,95.8,102.3,93.55,477651
1534975200,,95.2,94.6,95.65,90.55,958041
1535061600,,94.5,92.3,94.55,91.6,293763
1535320800,,94.65,92.95,94.65,92,149351
1535407200,,93,93.1,93.45,91.8,405309
1535493600,,93.5,93,93.5,92.25,99340
1535580000,,93,93.1,93.5,92.6,80153
1535666400,,93.1,91.3,93.1,90.2,292305
1535925600,,91,90.95,92.25,89.1,73792
1536012000,,90.95,88.5,92,88.25,156706
1536098400,,89,87.75,89.9,86.7,187098
1536184800,,87.3,88.1,88.15,85.55,148886
1536271200,,87.9,88,88.5,86.15,235068
1536530400,,88.6,88.3,89.8,86.6,109012
1536616800,,88.2,86,88.2,85.05,363421
1536703200,,85.1,88,90.6,84.75,187668
1536789600,,88.4,90.5,91.1,88.1,97734
1536876000,,91.5,94.4,94.85,88.75,173660
1537135200,,94,95,95.3,93.1,221784
1537221600,,95.65,94.85,96.1,94.1,171918
1537308000,,94.95,94.95,95.5,94.05,69998
1537394400,,94.9,95,95.35,93.3,158289
1537480800,,95,94.5,96.05,94.25,839716
1537740000,,95.15,99.2,99.2,95.15,110532
1537826400,,98.5,97.4,99.5,97.2,80750
1537912800,,98,100.8,100.8,97.1,148589
1537999200,,99.1,99.3,100,99,323560
1538085600,,99.05,99.6,99.85,98.2,217524
1538344800,,99.25,97.85,99.6,96,71567
1538431200,,97.85,96,98.3,96,195825
1538517600,,95.7,95.3,96.9,95,97188
1538604000,,95.95,95.6,95.95,94.25,176717
1538690400,,95.1,94.3,95.85,93.15,167884
1538949600,,94,91.95,95.4,91.95,145757
1539036000,,91.7,90,93.95,88.7,256057
1539122400,,90,89.85,91.7,89,178704
1539208800,,88,88.15,90.1,87,233030
1539295200,,88,90,90.45,88,188902
1539554400,,90.9,89.5,91.3,88.6,142395
1539640800,,89.7,93.35,93.45,89.45,113059
1539727200,,93.75,92.75,94,92.2,89513
1539813600,,92.2,88.05,92.75,88,279776
1539900000,,88.95,88.15,89,87.05,236424
1540159200,,87.15,88,88.9,87,143168
1540245600,,86.9,89,89.5,86.15,211144
1540332000,,88.15,86.45,91.8,86,232846
1540418400,,85.7,86.5,86.7,83.8,96669
1540504800,,86.6,85.5,87.7,84.6,126726
1540767600,,85.5,82,85.5,81.6,203173
1540854000,,82,84,84.65,82,225815
1540940400,,85,84.5,86.2,83.7,284278
1541113200,,85.85,84.7,86.6,84.5,252667
1541372400,,84.95,84.7,86.15,84.4,175798
1541458800,,85,80.95,85,79.15,271378
1541545200,,81,77.45,81.5,77.15,657463
1541631600,,78.95,81.25,81.8,77.15,346360
1541718000,,81,79.5,81.1,75.6,434477
1542063600,,79.4,83.4,83.95,78.6,214759
1542150000,,83.6,87.65,89,82.2,412897
1542236400,,89.05,90.55,91.7,87.15,466625
1542322800,,90,85.65,90.75,85.5,276729
1542582000,,86.25,85,86.8,83.3,152478
1542668400,,83.55,83.75,84.1,82.75,92823
1542754800,,83.75,85.6,85.8,83.5,110299
1542841200,,86,86.95,88,85,85017
1542927600,,87,86.5,87.85,85.9,33553
1543186800,,86.8,83.5,88.5,83.05,132588
1543273200,,83.6,86.8,87,83.6,108774
1543359600,,86.35,90.5,90.5,85.7,121502
1543446000,,90.6,95,96.8,90.5,331252
1543532400,,94.65,97.35,97.35,92.05,395917
1543791600,,97.25,99,99.2,96.15,272293
1543878000,,98.95,100.4,100.5,98.25,213347
1543964400,,99,102.5,102.9,97.35,211859
1544050800,,101,99.2,101.1,98.05,282321
1544137200,,98.5,98.6,101.1,96.65,312797
1544396400,,96.65,98.15,98.6,96.65,128509
1544482800,,97,98.65,100.1,96.85,164029
1544569200,,99.15,98.15,99.2,96.1,120726
1544655600,,99,99.8,100.6,98.5,161280
1544742000,,99.45,98.6,99.8,98.1,81906
1545001200,,99.3,100,100.3,98,111627
1545087600,,100,101.5,102,98.2,113545
1545174000,,101,102,102.8,100.3,207142
1545260400,,100.8,97.6,100.8,96.85,247663
1545346800,,97.6,98.95,98.95,96.05,259579
1545865200,,99.8,94.05,101.5,94.05,144139
1545951600,,95.05,95.85,96,93.2,138688
1546383600,,95.9,97.3,97.9,95.9,93325
1546470000,,97.65,97.25,98,97.15,84588
1546556400,,97.95,97,98.25,96.2,270727
1546815600,,96.4,98,98.1,96.4,116540
1546902000,,98,101,101,97.2,205061
1546988400,,101,102.5,104,100.7,281311
1547074800,,102.5,102.6,103,101.2,102939
1547161200,,102,104.1,104.5,102,146527
1547420400,,102.5,104.1,104.7,102.5,225898
1547506800,,104.5,101.4,104.7,101,181521
1547593200,,101.8,104.8,104.8,101.8,138199
1547679600,,104.7,102.2,105.8,101.8,217172
1547766000,,102.3,102.6,103.7,101.5,217772
1548025200,,102.6,101,103.3,100.5,302444
1548111600,,101,98.65,101.1,97.7,467818
1548198000,,98.6,103.9,103.9,98.5,190664
1548284400,,104.4,103.3,104.4,101.7,197813
1548370800,,104.4,103.5,104.4,102,121550
1548630000,,103.5,102.6,103.5,100.8,55135
1548716400,,103,103.1,103.1,100.1,67831
1548802800,,102.6,100.2,103.3,100,243026
1548889200,,101,100.3,102.8,100.2,119522
1548975600,,100.3,101.9,101.9,100.3,47072
1549234800,,101.6,102,102.1,100.4,68346
1549321200,,102,101.2,102,100.6,95845
1549407600,,101.9,100.3,101.9,100.3,67723
1549494000,,101.3,100.3,101.3,99.15,69173
1549580400,,100.3,98.6,100.3,97.75,76710
1549839600,,98,97.65,99.85,97.65,161251
1549926000,,97.8,99.15,100.3,97.8,194062
1550012400,,99.5,95.15,99.55,95.15,205415
1550098800,,96.35,93.7,96.5,93.7,99707
1550185200,,93,93.25,95.05,91.6,112095
1550444400,,94.5,94.5,95.95,92.65,107967
1550530800,,94.8,93.2,94.8,93,56687
1550617200,,93.4,93.8,94.85,93,68332
1550703600,,94.75,97.9,97.9,94.25,149423
1550790000,,97.5,96.35,97.5,96,91230
1551049200,,98.5,103,105.4,98.3,470136
1551135600,,102.8,104,104.7,102.4,127835
1551222000,,104.2,108,108.9,103.1,400407
1551308400,,107.5,107,109.5,106.6,358755
1551394800,,107.9,110,110.8,107.2,388719
1551654000,,109,109.7,111.3,109,216641
1551740400,,108.8,109,109.5,108,145765
1551826800,,109.5,112.1,113,109.2,151492
1551913200,,112.3,113.2,113.5,112,86883
1551999600,,112,113.5,113.9,111.2,131465
1552258800,,113.5,113,113.9,111.7,184079
1552345200,,113.1,113.5,114.7,112.8,149653
1552431600,,113.9,112,114.1,111.5,137390
1552518000,,111.6,109,112.3,106.8,211746
1552604400,,110,111.7,112.4,108.6,711723
1552863600,,112.6,116,116,112,237151
1552950000,,116,120.5,121.7,114,304484
1553036400,,120.1,123.6,124.8,120.1,489999
1553122800,,124.6,124.5,124.8,122.4,125911
1553209200,,124,122.9,124.4,122.6,279246
1553468400,,121.5,122.1,123.2,119.9,92583
1553554800,,121.8,124.1,124.8,121.3,193534
1553641200,,124.5,120.1,124.5,120,149678
1553727600,,121.5,120.3,123,119,105082
1553814000,,121,121,121.5,118.1,309036
1554069600,,121,126.1,126.8,120.4,245291
1554156000,,127.1,132,132.5,126.6,205721
1554242400,,133.1,129.5,134.9,127.8,226820
1554328800,,128.6,126,130.3,125.5,240789
1554415200,,128.7,127,130,126.3,223859
1554674400,,127.5,132,132.3,126.5,211847
1554760800,,132,131.8,133.4,130.4,204093
1554847200,,131.7,133.5,133.5,130.4,395264
1554933600,,133.5,131,133.5,130.1,141675
1555020000,,131.8,131,132.9,130.1,91317
1555279200,,131.5,124,132.2,123.5,204590
1555365600,,124.2,121,126,120.3,233924
1555452000,,121.6,123.6,126.2,120.5,254081
1555538400,,123.6,125,125,121.8,49597
1555970400,,125.3,122,125.8,120.8,161402
1556056800,,122.7,126.4,126.4,122,168513
1556143200,,126,124.9,126.9,124.1,115090
1556229600,,125,127,127,123.7,100719
1556488800,,126.9,126,127.7,124.9,97567
1556575200,,127,127,127.4,125.3,133771
1556748000,,125.9,124.4,126.4,122,215785
1557093600,,123.1,126.3,126.7,121.8,117069
1557180000,,127,124.1,127,123.9,128523
1557266400,,125.2,124.9,126.4,124.2,78178
1557352800,,124.9,123.5,127,122.2,164244
1557439200,,126,127.3,128.4,124.1,174798
1557698400,,127.5,127.3,127.5,126,88626
1557784800,,127.1,127.5,131,127,168246
1557871200,,128,130.4,131.1,127.3,100027
1557957600,,131.1,114.1,131.5,113.2,783979
1558044000,,114,112.7,115,108,892644
1558303200,,112.4,117.5,118.9,112.4,154609
1558389600,,117.8,123.6,123.8,116.4,242052
1558476000,,122.7,128.9,129,122.7,206315
1558562400,,126.3,126.9,129,126.3,181022
1558648800,,127,126.5,128.3,126.1,181233
1558908000,,125.5,125.6,127,121.9,31070
1558994400,,125.7,124,125.8,122.4,345345
1559080800,,123.7,122.4,124.5,120.4,127010
1559167200,,123.2,123,124.7,120.5,86728
1559253600,,123.8,124.4,125,122,133794
1559512800,,125,126.8,127.9,124.2,130650
1559599200,,126,126.4,127.8,125.1,146451
1559685600,,127.1,125.8,127.2,124.6,108368
1559772000,,126.3,125.5,126.9,123.2,227021
1559858400,,125.5,125.7,126.9,124.7,125795
1560117600,,125.2,124.7,126.8,124.1,66819
1560204000,,124.2,123.2,124.2,121.7,99532
1560290400,,122.1,122,125.2,121,127750
1560376800,,123.2,126.1,128,122.5,106858
1560463200,,125.4,127,128.5,124.7,133867
1560722400,,127.3,127.2,127.8,125.9,79796
1560808800,,126.3,135.4,135.7,125.8,181979
1560895200,,135,134.6,135.4,131.9,105460
1561068000,,134.6,130.8,136,129.3,347758
1561327200,,131.3,128.7,131.6,127.2,122110
1561413600,,128.6,130.5,131,128,134522
1561500000,,130.7,127.6,130.7,127.6,81449
1561586400,,128,129.6,130.5,127.9,149794
1561672800,,129.1,130.9,131.2,128.4,108853
1561932000,,132.4,134.5,135,131.1,120970
1562018400,,135,136,137,127.8,242236
1562104800,,136,136.8,137.3,132.5,129990
1562191200,,137,139,139.5,134.7,85606
1562277600,,138.7,137.4,139.9,136.3,127919
1562536800,,137.4,138.1,138.5,135.4,36826
1562623200,,138,141.3,141.3,134.6,139521
1562709600,,140.9,141,143.5,139.5,193502
1562796000,,141.8,142.6,142.6,141,99541
1562882400,,142.8,144.8,145.8,142.7,194484
1563141600,,146,146.7,148.4,145,86404
1563228000,,146.5,145.3,149,143.9,299270
1563314400,,145,143,145.3,142.3,68803
1563400800,,142.1,142.4,143.5,141.4,139811
1563487200,,143.4,146,146.3,143,106148
1563746400,,145,146.4,147.3,143.7,144175
1563832800,,147.2,148,148.5,146.7,121954
1563919200,,147.7,145.8,148.4,143.7,135023
1564005600,,146.9,144.1,146.9,144.1,103564
1564092000,,144.1,142.6,145.6,142.6,169459
1564351200,,142,142.6,145,141.5,58672
1564437600,,142.6,144.4,144.7,142,55047
1564524000,,144.4,146.1,146.1,143,124838
1564610400,,145,143.8,147.4,142.2,129236
1564696800,,142.2,147.5,148,142.2,191441
1564956000,,145.9,143.7,148,143.6,143497
1565042400,,143.7,142.8,144,142.3,212588
1565128800,,142.7,143.1,144.7,142.3,107910
1565215200,,143.2,140.2,143.2,140.2,105318
1565301600,,139.5,139.8,142.7,138.4,97545
1565560800,,139.8,135.9,140.1,135.8,121653
1565647200,,136.2,134.3,136.8,132.1,185166
1565733600,,133.1,130.1,134.6,130.1,173666
1565906400,,131,132,133.8,130.5,174992
1566165600,,132.8,134.6,137.4,132.6,167944
1566252000,,141,148,149.5,139,398158
1566338400,,147.8,150.8,152.9,146.5,132035
1566424800,,151.4,149.6,154.7,149.6,206111
1566511200,,150,147.1,152.2,147.1,106695
1566770400,,145.4,149.9,153.8,144.7,238358
1566856800,,149.6,145,152.2,144,381111
1566943200,,146.5,144,147.7,143.1,135143
1567029600,,145,149.1,150,144,152144
1567116000,,149.2,153.8,154.5,147.8,120210
1567375200,,154.2,158,159.5,154.1,152132
1567461600,,157.9,158,158.9,155.6,150209
1567548000,,159,157.6,160.5,156.8,101886
1567634400,,157.6,154.9,158.3,154.9,63868
1567720800,,155.1,153.2,157.1,152.6,137279
1567980000,,153.1,147.4,153.2,147.4,232413
1568066400,,147,152,154.7,144,292656
1568152800,,153,159.7,159.7,153,321985
1568239200,,160,160.4,161.4,157.7,122493
1568325600,,159.1,160,160.5,158.5,246298
1568584800,,159.5,155,159.5,154,221479
1568671200,,155,153.3,157.7,152.9,122616
1568757600,,154.4,156,157,153.8,93691
1568844000,,154.7,154.9,156.7,153.2,62618
1568930400,,155.7,152.6,157.8,152.3,322729
1569189600,,153.7,153.6,155.6,152,118235
1569276000,,155.1,155,157.1,153.2,123204
1569362400,,154.1,155.8,156.4,152.5,143467
1569448800,,156,156.3,158.4,153.8,188312
1569535200,,157.6,158.5,159.7,156.8,99022
1569794400,,158.7,157,158.8,154.6,105651
1569880800,,155.7,153.2,155.7,152.7,147622
1569967200,,152.7,150.4,154.9,150.3,291638
1570053600,,150.1,150.5,154,150.1,62262
1570140000,,150.8,150.6,154,150.4,65178
1570399200,,150,148,150.6,147.1,125060
1570485600,,148,147.5,150,145.9,97968
1570572000,,147.2,144.8,147.2,144.8,65354
1570658400,,145,144.3,145.9,143.9,152573
1570744800,,144.9,146.3,147.4,144,88567
1571004000,,147,146,148,144,73967
1571090400,,146,145.6,146.7,144.6,86707
1571176800,,146.1,144,147.8,144,81374
1571263200,,144,150.3,151,144,76069
1571349600,,150,150.4,152.7,148,80546
1571608800,,149.9,145.2,151,144.5,138445
1571695200,,145.7,146.4,147.3,143.9,120364
1571781600,,146,141,147,140.6,173026
1571868000,,142.2,141.1,143.5,140.3,172668
1571954400,,141.5,142.6,144.9,140.8,87395
1572217200,,143,144.1,146,140.5,106595
1572303600,,145,146.5,148.4,143.8,92104
1572390000,,147,147.4,148.5,145.4,71381
1572476400,,148.6,149,149.5,146,171756
1572822000,,150,157.3,157.5,149.5,257937
1572908400,,157.6,154,158.9,152.3,198954
1572994800,,152.8,149.4,153.7,149.3,99289
1573081200,,152.4,157.8,158.9,152,168832
1573167600,,155,141.6,155,141.3,768587
1573513200,,139,146.7,148.9,133.2,447440
1573599600,,145.3,138,146,137.4,569091
1573686000,,138.5,135.5,138.5,134.2,397213
1573772400,,135.2,139.1,140.5,135.2,155028
1574031600,,139.1,141.9,142.4,138.4,141129
1574118000,,140.9,141.5,142.2,140,136739
1574204400,,139.7,135.6,140.3,135.5,132690
1574290800,,136.4,136,138,134.6,159852
1574377200,,136,134,137.3,134,156783
1574636400,,135,134.2,136,134.1,86699
1574722800,,134.1,132,134.2,131.6,557818
1574809200,,132.1,133.6,133.7,132.1,189823
1574895600,,134.5,133.4,134.5,132.8,50100
1574982000,,133.4,135.2,137.5,133,552519
1575241200,,138,136.3,138.8,135.1,543474
1575327600,,136.3,136.4,137.1,135.6,273059
1575414000,,136.9,136,136.9,134.2,241573
1575500400,,136.7,136,136.7,134.2,151447
1575586800,,135.2,137.4,138.2,134.7,245832
1575846000,,137.5,136.5,137.5,135.7,204535
1575932400,,137.5,137.5,138,134.9,231709
1576018800,,137.5,138.7,139.9,137.1,190642
1576105200,,139.9,141.5,142.5,139.2,161081
1576191600,,142.5,139.8,143,138.9,89993
1576450800,,139.8,140,140.6,139.4,382902
1576537200,,140.8,138.4,141,138.1,141519
1576623600,,139.3,137.8,139.3,136.7,98965
1576710000,,138.9,140,140.7,137.8,140911
1576796400,,140,142,142.9,140,210891
1577055600,,141.1,141.3,141.9,139.5,68372
1577401200,,142,143.9,144.9,142,69438
1577660400,,143.8,144,145.4,143.8,69720
1577919600,,144.3,145.2,145.2,142,161952
1578006000,,144.7,141.8,144.7,141.8,159715
1578351600,,141.7,143.3,145.4,140.1,164973
1578438000,,142.5,142.3,142.9,141.8,51186
1578524400,,142.7,145.2,145.3,142.7,105254
1578610800,,145.6,150.5,150.8,144.6,203425
1578870000,,150.5,159.7,161.8,150.2,309990
1578956400,,159.5,152.5,159.6,152.5,204476
1579042800,,153,156,156.8,153,105211
1579129200,,156.9,153.3,156.9,153.3,104836
1579215600,,154,155.6,158.1,153,89297
1579474800,,155.1,159.3,159.6,155.1,84647
1579561200,,159.3,159.6,160.3,156.3,225482
1579647600,,159.6,166.9,166.9,159.2,205201
1579734000,,166.9,167.7,171.5,166,212020
1579820400,,166,161.8,168,161.8,131625
1580079600,,160,153.9,161.8,153.6,272390
1580166000,,155,155.1,157.3,155,77130
1580252400,,155.3,158.7,159.9,155.3,126399
1580338800,,157.3,159,160.5,156,88340
1580425200,,161,162.5,162.8,159.4,223593
1580684400,,161.5,167.9,169,161.5,162639
1580770800,,167.8,164.7,168.4,163.1,228789
1580857200,,164.6,168,171.4,164.6,195225
1580943600,,168,166,168.9,162.5,183159
1581030000,,165.2,162.3,165.2,161.5,160650
1581289200,,162.5,164.3,165.4,162.5,111323
1581375600,,164.4,163.1,165.3,160.1,97328
1581462000,,163.2,165.6,166.8,162.9,182399
1581548400,,165,167,167,163.7,54327
1581634800,,167.8,162.1,167.9,160.9,180384
1581894000,,163.5,164.6,165.2,162.4,93758
1581980400,,162.1,166.9,167,162.1,57012
1582066800,,166.5,169.5,171.4,166.5,226014
1582153200,,169.7,167.4,169.8,167.3,150456
1582239600,,167.9,166.8,169.4,165.7,150544
1582498800,,165.7,159.3,165.7,159.2,208591
1582585200,,159.3,157.9,161.3,156.1,305464
1582671600,,157.9,156.1,161,153.8,211736
1582758000,,156,146,156.5,143.9,331571
1582844400,,139.4,141.8,145.7,136.4,567867
1583103600,,146.6,151.8,154.7,146.6,375327
1583190000,,153,155,161.1,153,343482
1583276400,,152.2,154.7,158,152.2,134702
1583362800,,157.4,157.9,159.2,155.2,133927
1583449200,,156,156.5,157.2,153.2,137724
1583708400,,145,145.6,152,144.7,199497
1583794800,,146.2,149,153,146,417074
1583881200,,149,145,150.7,141.6,327625
1583967600,,136.5,125,138.6,125,438299
1584054000,,127.5,137.5,140.2,127.5,704396
1584313200,,135,136,143.2,133.2,458607
1584399600,,139.8,151.8,152.3,137.6,463479
1584486000,,153,148.4,165,141.2,486703
1584572400,,143,149.5,151.4,143,389520
1584658800,,150,148.2,154.3,144,605562
1584918000,,144,142.3,150,141,193137
1585004400,,147.2,149.3,150.2,144.1,263678
1585090800,,150.2,147.4,152.2,143.4,164146
1585177200,,144.5,150.5,152,143.4,196338
1585263600,,152.2,151.2,152.2,148,143175
1585519200,,151.4,162,162.9,149.5,291223
1585605600,,161.5,162.1,165.6,155.3,322031
1585692000,,157,158,160.7,154.2,153699
1585778400,,157.5,158.7,158.9,152.8,154592
1585864800,,156.5,164.2,164.2,156.3,275056
1586124000,,168,166,169.9,164.3,230598
1586210400,,169.6,165.2,169.6,164.9,199478
1586296800,,165,166.7,169.4,164.4,211820
1586383200,,165.7,168.6,168.8,165.7,173868
1586815200,,169,170,170,167.7,162719
1586901600,,170,166.1,172.4,165.5,188705
1586988000,,168.8,170.2,170.2,165.9,169131
1587074400,,172,186,187.5,171.7,538281
1587333600,,184.9,184,184.9,180.2,186979
1587420000,,181.6,175.9,183,174.3,195252
1587506400,,175.8,184.1,184.3,175.4,181697
1587592800,,183.6,188.9,189.2,182.3,297198
1587679200,,183,175,184.6,175,311989
1587938400,,178,178,181.3,175.6,124812
1588024800,,179.7,179.8,185.9,179.2,159017
1588111200,,179.6,173.6,179.9,172,207727
1588197600,,174,174.6,176.5,172.9,147859
1588543200,,170.1,173.7,175.3,168.2,129938
1588629600,,174,169.5,175,169,280180
1588716000,,170,167,173.2,166,151854
1588802400,,168.1,169.3,172.9,164.4,145180
1588888800,,170.5,169,171.7,168.3,97513
1589148000,,167.9,161.2,170,160.5,358563
1589234400,,161,157,161.5,153.3,377771
1589320800,,155.8,157,157.7,154,394404
1589407200,,154.7,153.8,155.5,151.3,412569
1589493600,,155,155.6,155.8,148.1,474247
1589752800,,170,171.2,172.8,165.6,488694
1589839200,,172,171.5,173.7,170,142879
1589925600,,171,167.2,171.5,167,218687
1590012000,,168,167,170,167,129460
1590098400,,165.4,175.4,175.8,163.8,193391
1590357600,,175.8,180.8,181.8,173,153204
1590444000,,182,184.2,184.5,181.2,286229
1590530400,,184.5,174.9,184.5,174.2,242572
1590616800,,179,180.6,181.1,175,215025
1590703200,,179.9,182.6,182.6,179.3,469096
1590962400,,183.6,182.8,185.4,180.7,131520
1591048800,,181.8,185.7,186.3,180.9,177229
1591135200,,186.1,194.5,195.3,184,415705
1591221600,,191,195,195.9,189.7,383475
1591308000,,195.8,191.8,196.1,190,430134
1591567200,,191,190.1,192.5,186.1,202035
1591653600,,190,189.9,191.7,188.1,165793
1591740000,,189.4,193.7,193.9,187.8,126660
1591912800,,188.1,196.8,197.9,187.5,199164
1592172000,,193,197.6,208,191.6,294211
1592258400,,202,197.8,202.2,196.7,158967
1592344800,,198.2,199,199.6,195.7,151026
1592431200,,199.9,195.9,199.9,195.2,142941
1592517600,,195.9,202.8,204,195.9,342126
1592776800,,202.8,202.2,204.8,198.2,237522
1592863200,,203.8,205.8,207.8,201.8,117337
1592949600,,207.8,201,207.8,200.4,98367
1593036000,,199.8,198,200,194,324002
1593122400,,197.3,201.2,204,197,142734
1593381600,,198.3,198.1,201,196.8,90734
1593468000,,197.7,200.6,202.4,197.2,285865
1593554400,,198.2,199.1,200,193.8,132108
1593640800,,197.7,198.9,200.4,197.7,176719
1593727200,,198,198.2,201.6,198,57903
1593986400,,201,201.8,202,198.1,107915
1594072800,,203,203,207,201.4,330379
1594159200,,203.2,199,203.2,198.4,232646
1594245600,,200,196.2,200.6,193.9,190262
1594332000,,196.5,201.8,202,196.4,202560
1594591200,,202.2,203.2,203.2,198.8,142095
1594677600,,202.4,200,203,199,182156
1594764000,,201,201,201.4,199.2,127360
1594850400,,201.4,199.6,201.4,198.2,69413
1594936800,,200,202,202,199.7,109544
1595196000,,201,200.4,202.8,199.5,80128
1595282400,,201.4,201.2,204,198.8,161063
1595368800,,200.8,205.8,206.4,200.8,132480
1595455200,,206.4,206.4,206.6,204.6,74904
1595541600,,202.2,200,204,198.6,120718
1595800800,,201.4,199.7,201.4,199.1,29756
1595887200,,199.3,199.5,200.2,196.2,84729
1595973600,,200.8,202.8,203,198.5,52384
1596060000,,202,200.2,202.8,199.3,65557
1596146400,,202.8,207.8,208,201.2,211105
1596405600,,209,226.6,232,209,348305
1596492000,,227,216.4,229.4,213.2,198258
1596578400,,216.4,215.6,218.8,214.2,85994
1596664800,,216.4,223.8,226.4,216.4,205597
1596751200,,223.8,227.4,229,223.6,174582
1597010400,,227.4,220.4,227.4,218.6,206488
1597096800,,222.8,219,222.8,219,110950
1597183200,,220,216,220,215.2,90210
1597269600,,217.2,225.8,228.2,217.2,117507
1597356000,,227,229.6,233.4,226,113036
1597615200,,230,233.6,233.6,228.4,113945
1597701600,,232,235.2,237.6,229.2,298297
1597788000,,236.4,238,241.8,235.6,198269
1597874400,,238.2,235.8,239.4,235,213430
1597960800,,240,238.6,242,236,137162
1598220000,,241.2,241.6,243,238.6,135776
1598306400,,242.4,240.4,243.2,239,229275
1598392800,,240.4,238.6,240.4,235,101136
1598479200,,238.2,231,238.2,231,126734
1598565600,,231.6,227,233.2,226.2,124150
1598824800,,227,223.6,230.4,222.6,286607
1598911200,,224,218,226,217.6,162278
1598997600,,222.4,223,229.2,220.4,298652
1599084000,,225,218,226.6,218,197060
1599170400,,216,221,222,212.2,132722
1599429600,,222.2,219.4,222.2,217.4,51113
1599516000,,220,218,221.8,214.2,84943
1599602400,,220,221.8,222,214.6,95419
1599688800,,221.8,221,224.8,218.8,134916
1599775200,,223.4,220,223.4,219.6,140203
1600034400,,220.4,221,222.4,218.6,96021
1600120800,,220,222.2,229,219,124129
1600207200,,225,224.4,226.4,222.4,70529
1600293600,,232,229.8,232,225,203518
1600380000,,231.2,238.2,238.8,229.4,584632
1600639200,,233.4,223,235.8,220.4,104817
1600725600,,224,224,228,222,57809
1600812000,,226.6,233,235.8,225.4,117339
1600898400,,230.6,229.2,232.8,227.4,68487
1600984800,,229.2,224.2,230,223.2,77397
1601244000,,226,229,229,226,55596
1601330400,,226.2,228.6,233.2,226.2,136024
1601416800,,230.2,227.8,233,225.6,265160
1601503200,,231,230,232.6,227.2,83599
1601589600,,229,227,230.2,226.4,231705
1601848800,,228,227.4,229.8,222.4,125383
1601935200,,226.6,226.8,228.8,225,68187
1602021600,,227,222.2,228.8,220.2,225379
1602108000,,222.2,217.4,224,217.4,163329
1602194400,,216.2,215.2,219.8,209.4,260019
1602453600,,215,217,218,213.2,497316
1602540000,,215.4,214.6,219,211.4,545353
1602626400,,211,216.2,222.2,211,697791
1602712800,,220,224.8,230.8,218.2,386077
1602799200,,226.6,238.8,240,226.2,293350
1603058400,,238.8,234.2,240.8,231.4,143915
1603144800,,234,234.6,239.6,231.4,190765
1603231200,,232.8,230,232.8,225.2,172285
1603317600,,228.4,226.8,229.8,224.2,246543
1603404000,,227,224.4,234,222.6,216588
1603666800,,222.2,220.2,227,219.2,85756
1603753200,,219,221.8,223.6,216,197634
1603839600,,220,217.4,222.4,211,294970
1603926000,,217,213.6,226.8,213,253319
1604012400,,211,217.4,218.4,210.6,170227
1604271600,,218.8,226.6,230,218.2,151000
1604358000,,226,224.2,229.8,221.4,177874
1604444400,,221,229.8,230.8,221,87399
1604530800,,232.4,246,246.6,231.2,163148
1604617200,,251,275,275,251,834404
1604876400,,277.8,260,285.8,258,581352
1604962800,,261,266,269.6,257.4,327035
1605135600,,259,257.6,262.6,252.2,442248
1605222000,,258.4,265.2,271,257.2,223625
1605481200,,267.6,271,271.2,266,208187
1605567600,,268.4,270.4,271.6,265.6,190835
1605654000,,271.8,274.8,276.4,266.6,196072
1605740400,,270.4,268,271.4,266.4,77256
1605826800,,267,272.2,272.2,265,63501
1606086000,,269.2,260,270.6,256.4,207798
1606172400,,263,265.6,266.6,258.2,120289
1606258800,,265,253.4,265,251.8,291215
1606345200,,256.2,255,258.8,252.4,88807
1606431600,,257,255,258.2,253.4,54218
1606690800,,253.2,252.2,256.8,250,309949
1606777200,,252.6,251,257.2,248.2,97161
1606863600,,252,253.6,256.2,247.2,164228
1606950000,,254.8,249,256,248,115980
1607036400,,249.8,265,269,249.8,164723
1607295600,,266.4,269.8,269.8,258.2,136040
1607382000,,269.8,270.8,278.8,267.4,159301
1607468400,,275,260.8,275.2,256.6,275327
1607554800,,261,260,266.8,259.4,77144
1607641200,,257.4,257.2,266,256,126882
1607900400,,257,263,268.8,256,136194
1607986800,,262,261,264.8,259.2,98760
1608073200,,262,274,275,259.6,211295
1608159600,,276,273.6,287,268.4,163758
1608246000,,279,282,285,277,277356
1608505200,,282,278.2,286.4,274.4,117666
1608591600,,280.6,275.2,280.6,271,58816
1608678000,,276.2,279.8,282.8,275,47075
1609110000,,282.8,283.6,283.6,278.4,49444
1609196400,,284,290.6,292,282,120544
1609282800,,293,289.4,295.8,285.6,104485
1609714800,,292,293.6,301,286.2,145457
1609801200,,292.8,287.2,295.6,285.6,123454
1609974000,,292,280.4,293,276,340954
1610060400,,282,279.8,287,277.6,281280
1610319600,,279,274.8,284,274.8,212275
1610406000,,274.2,269,274.8,268.2,191790
1610492400,,273.2,266.4,274.2,262.2,260172
1610578800,,265,261.8,270.2,261.2,148918
1610665200,,260,257.6,263.2,256.4,247538
1610924400,,257,262,262.4,253.4,226861
1611010800,,263,263.8,267.4,261,183500
1611097200,,265,259.6,269.6,256.8,209110
1611183600,,259.6,260,264.8,256.4,116334
1611270000,,259,270.2,271,257.4,115623
1611529200,,270.2,262.2,274.8,260.4,194969
1611615600,,262,265.4,268.8,261.6,250370
1611702000,,265.4,268.8,270.8,262.8,162659
1611788400,,269.8,264.2,273,261.2,196359
1611874800,,262.6,262.8,265.6,258.2,236749
1612134000,,267.2,261.4,267.2,257.2,129346
1612220400,,262.8,258,265.8,257.4,182462
1612306800,,262,258.4,262.8,255.4,187412
1612393200,,259,265.8,267.2,258.8,141407
1612479600,,264.4,263.2,265,260.4,98390
1612738800,,263.2,265.8,270.4,259.6,118224
1612825200,,265,267,271,265,295373
1612911600,,267.4,260.8,270,260,157424
1612998000,,261,268.2,270.2,259.4,134149
1613084400,,268.2,266,270.6,262,80485
1613343600,,267,267.2,270.8,265.2,50919
1613430000,,266,253,267,250,330451
1613516400,,254.6,242,257,241,626512
1613602800,,242.4,247.2,249.8,242.4,386598
1613689200,,248.8,251,253.8,247.4,149395
1613948400,,249,250.2,251.8,245,89826
1614034800,,249.4,241,249.4,237.4,290276
1614121200,,240.6,247.4,250,238.2,188201
1614207600,,248,245.2,248.4,241.2,182531
1614294000,,245,246.2,246.8,242,196357
1614553200,,250.6,248.8,253.2,242.2,161742
1614639600,,248,243.4,248,240.4,163298
1614726000,,243.4,242.2,246.6,241.2,95870
1614812400,,240.8,244.4,246.2,235.6,229768
1614898800,,244.6,244.8,247.6,241,337618
1615158000,,245,242.4,245,239.2,256455
1615244400,,244,256.2,258,241.2,306559
1615330800,,258,255.8,260.6,253.4,117538
1615417200,,259,265,266.4,255,182729
1615503600,,270,259,270,255.4,214821
1615762800,,258,254.6,260.8,251.4,117805
1615849200,,258,258,259.4,255,108723
1615935600,,255.6,249.4,259.6,244.4,378539
1616022000,,250,251.6,255.8,248.4,157416
1616108400,,250.6,248.4,254.6,247.6,251193
1616367600,,248.4,256,256,248.4,120131
1616454000,,257,250.6,257,250.2,103448
1616540400,,248,250.2,251.4,246.6,88097
1616626800,,250,253,255.6,246.6,117233
1616713200,,253,260.8,261,249.4,195217
1616968800,,260.6,258.6,261,254.4,98211
1617055200,,259.6,253.4,259.6,252,104261
1617141600,,255.8,260.6,266.4,254.2,177217
1617228000,,263.7,264.3,265.4,261.2,66308
1617660000,,264.5,269.2,270,261,147294
1617746400,,269.5,268.3,269.5,264,109399
1617832800,,269,266.6,269.6,263.8,198036
1617919200,,265.4,265.7,266.9,261.2,87118
1618178400,,265.8,261.9,265.9,260.3,104501
1618264800,,263.3,261.6,264,259.2,147378
1618351200,,262,261.6,263,260.5,119749
1618437600,,260.1,257,262,256.1,107132
1618524000,,256.3,262.1,262.8,256.1,162720
1618783200,,260.4,257.1,262.2,256.2,141510
1618869600,,257.9,257.3,260.9,255,131343
1618956000,,257.3,251.1,259,250.2,123717
1619042400,,252,250.2,254.2,249.9,123052
1619128800,,250,244.5,250.6,243.1,135478
1619388000,,248,256.5,257.8,247,110084
1619474400,,258,247.6,259.8,247.1,160287
1619560800,,247.7,247.4,249.6,244.1,146309
1619647200,,250.5,243.4,250.5,243.4,516140
1619733600,,246.1,246.2,248,243.5,155062
1620079200,,248,244.9,248.6,244,116195
1620165600,,245,256.5,258.8,244.8,172975
1620252000,,255.5,247.3,256.6,246.2,154950
1620338400,,253.6,254.1,256,251,96920
1620597600,,255,256.5,258.3,251.1,136064
1620684000,,256.8,273.4,277.8,256.3,335409
1620770400,,272.4,275.9,276.9,269.3,152047
1620856800,,273.6,270.8,274.7,266.3,125495
1620943200,,271.7,271.4,273.3,266.1,115591
1621202400,,271.7,272,281,268.5,100953
1621288800,,271.4,275,275.3,270,71987
1621375200,,273.6,274.6,277.9,271.8,99765
1621461600,,279,274.6,279,270.1,173142
1621548000,,274.1,277.3,279.4,270.2,98184
1621807200,,279.4,284,286,273.8,231024
1621893600,,285,280.1,285,274.6,129475
1621980000,,283,280.4,289,278,68879
1622066400,,280.1,283.9,286.4,280.1,274987
1622152800,,284.8,285,289.1,281,88780
1622412000,,285.9,284.6,286.3,279.9,68205
1622498400,,286.8,283.8,291,283,73349
1622584800,,284.1,286.1,287.4,283.5,50317
1622757600,,288.6,286.6,291,283,116890
1623016800,,286.7,286.1,290,284.7,44670
1623103200,,286.1,282.9,286.9,281.9,85961
1623189600,,282.4,279.8,283,278.7,73103
1623276000,,276,271.7,277.8,269.1,108988
1623362400,,271,264.4,272.3,263.6,166044
1623621600,,265.4,270.2,271,265.4,101577
1623708000,,274.2,269.2,275.2,267,89125
1623794400,,268,270,274.9,268,67137
1623880800,,268.4,269.2,271.6,267.1,63495
1623967200,,269,274.3,274.6,267.8,258486
1624226400,,274.5,270.2,276.1,269.5,50156
1624312800,,272.6,275,275.1,268.5,81009
1624399200,,275,272.8,276.9,271,99156
1624485600,,271,274,276.5,271,102021
1624572000,,271.8,278,281,271.8,73487
1624831200,,279.9,276.6,280,273.9,115866
1624917600,,278.2,278.6,280.1,275.1,93951
1625004000,,278.9,279.9,283.8,275.6,165160
1625090400,,282.6,280.9,283.9,276.6,98652
1625176800,,283.8,287.1,289.4,279.1,91721
1625436000,,287.9,286,287.9,283.1,56734
1625522400,,287.4,297.5,299.8,287,351817
1625608800,,299,305.6,306,295.7,157305
1625695200,,303,300.3,305.3,297,184155
1625781600,,301.9,292,301.9,291.8,93547
1626040800,,291.8,300.3,302.8,291.8,84510
1626127200,,302.5,304,304,300.3,53517
1626213600,,302.4,300.4,305.9,299,80435
1626300000,,299.7,299.3,304.4,296.3,105937
1626386400,,299.3,299,303,295.2,58930
1626645600,,298.9,300,300,296,41084
1626732000,,301,310.5,310.7,300,214420
1626818400,,310.7,306.3,311.6,305,188030
1626904800,,306.1,298.7,306.3,297.3,88503
1626991200,,301.9,302.5,307.4,300.2,58639
1627250400,,304.2,299.4,304.9,297.2,69134
1627336800,,299.3,296.4,301.3,292.2,57329
1627423200,,295.5,299.7,305,295.5,196385
1627509600,,301.1,305.5,306.5,298,126462
1627596000,,304,308.3,311.4,302.4,110165
1627855200,,308.3,307.5,309.8,302.8,140703
1627941600,,310,313.4,318,308.1,164965
1628028000,,311,309.5,316.3,307.5,88155
1628114400,,309.4,311.4,313.7,309,81519
1628200800,,310.6,308.1,313.2,304.9,63647
1628460000,,307.3,311.5,311.7,305.4,49001
1628546400,,312,312.1,312.7,307.5,57794
1628632800,,313,309.6,318,308.1,112466
1628719200,,310,322,322,310,110045
1628805600,,321,321.4,322.6,317.4,59444
1629064800,,321.4,331.2,339,320,227543
1629151200,,335,340,342.5,332,272668
1629237600,,340,334,340,332,153494
1629324000,,333.8,338.5,339.3,330.1,114635
1629410400,,329.2,320.7,330,313.1,255332
1629669600,,322,327.2,330.7,320.4,104339
1629756000,,326.6,317.3,326.6,317.3,135055
1629842400,,316.8,318.1,321.9,316,113976
1629928800,,321.5,326,329,317.1,155603
1630015200,,327.3,320,327.3,318.1,254472
1630274400,,320,323,326.2,317.7,65529
1630360800,,323.7,324.6,328,321.3,174999
1630447200,,324,323.3,327.6,322.8,71343
1630533600,,324,331.7,333.9,321.2,93545
1630620000,,334,328.2,334.3,325.4,36904
1630879200,,328.1,339,339.8,328.1,117144
1630965600,,339,338.3,339.9,335.8,115541
1631052000,,338,335.4,338.3,331.6,124403
1631138400,,336.3,340.6,341.3,335.2,81443
1631224800,,342,340.3,345,339.2,61546
1631484000,,342,337.5,342.1,331.6,112532
1631570400,,338.6,339.1,339.5,331.1,118687
1631656800,,334.5,332.2,338.2,331.5,101349
1631743200,,331.5,334.5,336.3,330.5,131239
1631829600,,334.6,332,335.8,331.5,528193
1632088800,,332,347.1,347.4,331.6,211220
1632175200,,347,343.6,347.9,340,168100
1632261600,,343.6,347,347.2,342.3,68204
1632348000,,348.6,348.8,349,343.5,111023
1632434400,,346,333.6,349,330.1,223547
1632693600,,336.5,329.1,336.8,327,84795
1632780000,,326.8,323.3,330,321.7,121502
1632866400,,323,330.2,334.8,322.1,60298
1632952800,,334.5,332.2,334.5,323.7,290790
1633039200,,330.8,333,335.6,325.3,208158
1633298400,,332.1,331.9,334.6,329.1,152781
1633384800,,331.9,340,341.4,329.2,90989
1633471200,,340.9,347.9,348.5,339.8,234391
1633557600,,344.6,351.5,352,344.6,176520
1633644000,,353,348.9,355.9,347.9,203577
1633903200,,350.5,354.8,356.7,344.2,134208
1633989600,,355,362.8,362.9,352,174128
1634076000,,365,370.3,370.3,356.6,195251
1634162400,,368.5,349.7,368.5,343.1,414002
1634248800,,349,360,361.3,345.5,255296
1634508000,,360,361.3,361.4,355.3,166000
1634594400,,361.7,369.6,369.6,360,154092
1634680800,,369.7,368,370,364,233852
1634767200,,369.9,374,376.3,367.5,163321
1634853600,,369.8,368.2,373.5,365.4,132421
1635112800,,369.4,374.8,374.8,369.3,83289
1635199200,,375,365,376.8,361.4,346833
1635285600,,364.5,357,365,350.4,470646
1635372000,,356.2,358,362,352.4,134639
1635458400,,356.3,356.4,357.3,351,110863
1635807600,,359.5,362.8,364.1,356.5,172143
1635894000,,364,358.8,365,358.3,96197
1635980400,,359.3,360,362,356.8,228397
1636066800,,325.4,353.8,364.1,306,504982
1636326000,,352.3,355,362,352.1,257384
1636412400,,356.9,347,357,345.3,187197
1636498800,,349.7,341.3,349.7,340,165326
1636671600,,342,336,342,334.4,243066
1636930800,,335,335.4,345.8,333.2,150104
1637017200,,337.4,335,338.2,333.2,169805
1637103600,,336.8,335,336.8,331.6,273695
1637190000,,336,335.8,336.6,330.6,106229
1637276400,,337,336.4,338.4,331.6,136037
1637535600,,337.9,335.1,337.9,334.9,44887
1637622000,,336,332.2,337.9,332.2,97032
1637708400,,332,334.8,336.7,330.5,84267
1637794800,,335.6,335.9,337.8,334,74780
1637881200,,335,334.7,342,333.9,226802
1638140400,,337.6,335.6,340.7,332.4,99148
1638226800,,339.5,340.2,344.9,334.4,460219
1638313200,,340,338,341.4,334,118480
1638399600,,337.5,338,340.5,334.6,84120
1638486000,,337.9,335.7,343.8,333.6,85505
1638745200,,337.1,337,338.1,331.3,81807
1638831600,,335.3,336.2,341,334.9,183274
1638918000,,338,344,347.3,336.4,204890
1639004400,,342.2,338.2,345,336.3,74348
1639090800,,342,335,342,334.2,80014
1639350000,,335,338.8,345.9,335,189246
1639436400,,344,346.3,348.6,340.5,210024
1639522800,,348,348.7,348.7,343.1,103786
1639609200,,349,348.6,352.3,344,95596
1639695600,,347.5,347.5,348.8,341,349701
1639954800,,344,349.1,351.6,336.3,89292
1640041200,,353,346.6,353,346,45757
1640127600,,347.3,356.7,357.7,347.3,73056
1640214000,,357.7,355.6,358,353.1,31019
1640559600,,355.5,355.4,359.6,353,26037
1640646000,,352.2,359,359.1,351.6,43280
1640732400,,357.5,358.9,361.5,357.2,36332
1640818800,,359,367.3,367.5,356.7,81103
1641164400,,368,362.3,368,359.1,79138
1641250800,,363.7,360.5,365.8,354.2,163423
1641337200,,360,357,363,355.2,155064
1641510000,,361.3,347,361.8,345,200014
1641769200,,346.4,346.3,348.6,341,121247
1641855600,,346.3,353.7,358.8,343.2,172531
1641942000,,357.5,352.6,362.2,348.6,199211
1642028400,,350.5,358.9,360.7,349.1,134696
1642114800,,359.3,354.3,359.3,351.2,151723
1642374000,,351.4,346.9,353.5,346.9,128437
1642460400,,346,338,347.6,337,85006
1642546800,,338,342.5,347.4,338,84929
1642633200,,343.5,335.3,344.5,335,67319
1642719600,,335,347.2,350.4,335,245471
1642978800,,347,344,353.8,342.4,328841
1643065200,,348,342,349.1,339.1,162290
1643151600,,342,340.5,346.8,340,133391
1643238000,,339.3,317.7,339.3,315.1,259761
1643324400,,316.2,305.1,322.1,304.6,273711
1643583600,,306.6,314,315.5,302.2,281688
1643670000,,315,312.5,320,310.6,183645
1643756400,,312.5,322.9,325.7,312.5,263937
1643842800,,322.9,311.8,323.6,308.4,125635
1643929200,,310.1,303,315,302.2,166464
1644188400,,305,302.1,310.5,301.4,86897
1644274800,,302.3,305,314.3,301.4,197009
1644361200,,307.4,299.4,307.8,293.4,229622
1644447600,,299.8,293.5,301.6,290.1,265288
1644534000,,292.5,282.4,292.5,281.4,235247
1644793200,,275,281.5,289.3,272.2,215685
1644879600,,285,296,297.9,284.6,143173
1644966000,,297.3,293,298,290.6,127522
1645052400,,294.3,296,296,291,82112
1645138800,,296,290.1,296,290,80471
1645398000,,291,289,294,286,85965
1645484400,,286.3,285,292.9,280.7,150450
1645570800,,287.3,285.5,294.7,281.9,306122
1645657200,,255.5,269,280.4,240,592003
1645743600,,272,285,298.8,270.3,456953
1646002800,,279.3,295.2,298.6,275.7,312449
1646089200,,298,299.1,308.9,294.7,210767
1646175600,,299.5,298,304.7,293,223552
1646262000,,297.5,290,301,285.9,324229
1646348400,,290.1,270.6,290.3,270.3,284739
1646607600,,267.9,273.5,278.5,257.7,496486
1646694000,,269.2,263.6,276.6,261.7,369657
1646780400,,266.2,267.4,274,256.5,346407
1646866800,,272.1,266.1,277.6,255.6,541511
1646953200,,265,290.3,291.5,260.8,294214
1647212400,,289.2,273.6,289.2,273,347785
1647298800,,274.9,275.1,279.9,270.3,388255
1647385200,,284,296.7,301.7,279.4,435792
1647471600,,304,315,316.5,296.4,482427
1647558000,,318,313.3,318,309.9,467298
1647817200,,312.4,316,319.8,310.6,168991
1647903600,,318,317.6,319.8,314.7,191640
1647990000,,315.8,318.1,319.6,315.3,157715
1648076400,,318.8,329.6,333,318.2,207468
1648162800,,330,333.9,340.3,330,240439
1648418400,,334.6,340.9,346,332.8,199260
1648504800,,342.6,345.2,348.7,334.4,204691
1648591200,,340.7,345.5,346.8,338.9,144110
1648677600,,340.1,340.5,350.5,340,305263
1648764000,,340,344.9,344.9,338.3,148217
1649023200,,346,341,346,338.6,85306
1649109600,,343.9,333,347.3,330.5,144780
1649196000,,331.3,341.2,343.5,326.3,246895
1649282400,,345.4,334.2,345.6,334.1,246698
1649368800,,336.7,334,339.8,328.2,146590
1649628000,,333.9,329.7,338.8,328.9,166953
1649714400,,331.3,333.9,336,325,164379
1649800800,,336.3,341.2,341.2,333.2,118496
1649887200,,342.4,337.8,344,335.4,144966
1650319200,,338,322,338,317.1,302268
1650405600,,326,327,334.1,324.5,102072
1650492000,,331.9,318.9,332,318.9,170484
1650578400,,320,316.5,324.8,314.9,155878
1650837600,,310.2,315.6,319.8,308.5,166793
1650924000,,315.8,314.8,321.9,313.1,162770
1651010400,,316.5,313.9,316.5,307.3,202935
1651096800,,313.9,302.6,315.7,300.6,212614
1651183200,,306,288.1,306.8,287,389167
1651442400,,288.1,286.8,296.3,282.9,145217
1651615200,,287.1,281.1,294.1,276.3,476461
1651701600,,288.5,278.3,291.5,278.3,363377
1651788000,,276,277,289.7,266.7,410911
1652047200,,282.4,267.3,282.4,266,311880
1652133600,,277.9,283.7,289.4,275.5,612783
1652220000,,286,292,297.1,284.3,450542
1652306400,,286,295.2,295.6,281.4,553507
1652392800,,299.7,301.7,304,297,267572
1652652000,,299.2,289.7,304.7,287.5,257675
1652738400,,294.7,300.2,301.9,290.1,222620
1652824800,,300.9,296.9,301,292.7,225879
1652911200,,292.5,294.7,297,284.6,421538
1652997600,,296,300.9,302.4,290.4,351949
1653256800,,306,302.5,309.4,298,217166
1653343200,,300,293.6,306.8,293.6,256067
1653429600,,299.5,282.1,299.5,280.5,229580
1653516000,,285.1,293.2,294.7,281.8,120874
1653602400,,291.2,290.7,297.6,287.7,135971
1653861600,,291.9,297.3,297.3,287.1,106968
1653948000,,296.5,299.1,300,292,517197
1654034400,,296,297.1,300.3,291.8,120001
1654120800,,299.8,306.3,307.9,295.6,205380
1654207200,,306.7,314.1,318.6,306.3,209458
1654466400,,315,312.4,315.6,311,55905
1654552800,,312.8,305.6,312.8,298.1,231898
1654639200,,302.5,306.6,310,300.6,126018
1654725600,,309.3,306.5,310,303.7,125303
1654812000,,303.3,303.8,307.9,301.6,376971
1655071200,,300,304,304,299,192377
1655157600,,305.6,307.1,309,300.4,264666
1655244000,,308,296.6,308,288.2,228853
1655416800,,291.2,289.4,294.5,286.5,323308
1655676000,,295.2,294.9,299.2,292,107774
1655762400,,298.8,295.2,298.8,291.7,72242
1655848800,,292.1,297.4,298.2,291.4,118673
1655935200,,291,298.5,305.6,289.1,219933
1656021600,,300.2,309.2,311.4,300.2,131271
1656280800,,309.3,314.8,318,308.2,249526
1656367200,,320.6,320,325.2,316.4,315505
1656453600,,317.2,319.4,321,313.6,125950
1656540000,,318.6,319,321.9,315.7,211991
1656626400,,318.7,325.1,325.5,318.2,208218
1656885600,,326,335.4,335.8,325.8,233456
1656972000,,337.9,335.7,341.2,331.3,265425
1657058400,,337,331.6,337.2,316.7,294018
1657144800,,334,337,339.5,330.1,255018
1657231200,,339.6,336.4,342.5,330.1,303330
1657490400,,332,345.9,348.2,332,149848
1657576800,,345,334.2,346.8,331.8,267620
1657663200,,335,330,343.6,326.2,127760
1657749600,,325.5,323.6,328.9,318.7,167861
1657836000,,323.9,327,332.2,323,173262
1658095200,,329.5,325,330.9,322.1,112992
1658181600,,323.3,327.5,329.1,323.3,132779
1658268000,,333,328.8,333.5,326.5,102253
1658354400,,332,330.4,334.2,325.4,131294
1658440800,,333.6,333.5,335.5,331.5,87851
1658700000,,333,331.2,334.1,328.6,116743
1658786400,,329,335.4,336,328.3,94430
1658872800,,338,350.7,351.9,337.6,362436
1658959200,,350.5,358.1,359.6,347.4,156839
1659045600,,355.6,361.5,361.6,355.2,161257
1659304800,,362,366,366.9,361.2,134011
1659391200,,366,367.9,372.5,364.2,150118
1659477600,,365.4,367.7,370,361.1,167835
1659564000,,367.7,367.2,372,364.1,113175
1659650400,,368.6,366.7,374.3,366.1,118307
1659909600,,365,355.9,366,355.2,214061
1659996000,,358.3,350,359.4,344.7,312750
1660082400,,348.6,351.5,356.4,344.7,187709
1660168800,,356.9,354.6,357.2,349.5,96615
1660255200,,354,364.5,364.5,352.6,200892
1660600800,,366.5,382,384.4,360.6,426961
1660687200,,380.1,373.1,383,370.5,356247
1660773600,,372.9,371,378,366.4,176942
1660860000,,370,354,370,354,306488
1661119200,,355,355.5,359,345,440247
1661205600,,356,365.2,370,353.5,262392
1661292000,,369.2,366.2,369.2,361.3,203987
1661378400,,370,376.1,378,368.3,127508
1661464800,,375.9,382.6,386.7,375.8,123018
1661724000,,378,374.3,378.6,368.7,110126
1661810400,,374,359.4,374.3,358.8,145407
1661896800,,357.1,343.7,358,343.5,361410
1661983200,,340,335.5,345.6,328.5,306101
1662069600,,337.1,342.8,343.5,328,192506
1662328800,,340.8,339.3,342.5,335.3,100817
1662415200,,339.3,329.7,340.5,327,142459
1662501600,,325,340.5,342.5,322,131954
1662588000,,339.3,339,341.5,337.1,90119
1662674400,,342.8,345.1,345.5,329.5,279664
1662933600,,343,351.9,353.1,339.5,194330
1663020000,,352,342.2,352.4,340.3,97421
1663106400,,342.6,344.2,348.4,340.5,184422
1663192800,,342,351.6,357.6,339,232590
1663279200,,348.2,350.3,360.5,347,669290
1663538400,,348.2,345.2,350,340.1,318201
1663624800,,346.9,343.2,350.7,338,127993
1663711200,,345,346.6,349.5,334.3,133312
1663797600,,340.8,343.1,345,336.2,138782
1663884000,,339.4,320,339.5,316.8,257406
1664143200,,317.5,321.5,325,310,360374
1664229600,,325.4,325.4,326.4,316.7,266263
1664316000,,323.5,318.1,323.6,313.1,254575
1664402400,,320,303,323.5,297.1,435392
1664488800,,305,302,306.3,294.6,430014
1664748000,,298.1,300,301.6,291.1,234250
1664834400,,305,307.5,308,301,391011
1664920800,,307.7,310,313.4,307.5,326857
1665007200,,310.1,306,313.7,303.8,130003
1665093600,,307.2,302.2,308.5,301.5,157324
1665352800,,298.2,291.9,300.8,288.9,161250
1665439200,,290,286.2,292.3,283.3,209979
1665525600,,286,288.5,289.9,281.6,293588
1665612000,,289,287,289,283,276383
1665698400,,292.7,296.4,297.4,291,228196
1665957600,,295,289,295,285,359716
1666044000,,290,299.2,302,285.4,283827
1666130400,,300.5,294.4,300.9,293.1,83941
1666216800,,296.5,300.9,301.9,292.5,180025
1666303200,,297.4,297.4,298.5,289.4,154313
1666562400,,297.9,306.1,310.7,296,214351
1666648800,,309.7,308.4,313.8,305.3,123855
1666735200,,309,319.1,320.8,309,142546
1666821600,,320,316.9,320.1,312.5,185632
1666908000,,313,302.2,313,299.1,167374
1667170800,,303,312.2,312.7,301,226820
1667343600,,315,318.3,325.2,314.3,210707
1667430000,,315.5,310.7,316.4,306.8,107055
1667516400,,323.1,333.1,335.6,320,389077
1667775600,,329.9,330,338.6,326.4,219994
1667862000,,331.8,340.1,340.9,327.6,179623
1667948400,,340,335.2,344.7,334.1,198907
1668034800,,335.2,343,343,332.6,238611
1668380400,,343.1,355.9,361.3,339.2,228359
1668466800,,355.1,355.8,365,353.2,165802
1668553200,,355,352.4,357.5,347.5,216465
1668639600,,355.5,351.8,355.5,349.1,118055
1668726000,,354.8,357,361.8,349.7,124108
1668985200,,358.7,359,360.5,351.2,192947
1669071600,,359.1,368,371.8,359.1,380548
1669158000,,370,368.8,370.4,361.9,180698
1669244400,,372,373.2,375.6,366.2,213609
1669330800,,373.8,371,373.8,363.7,127239
1669590000,,369.8,369,372.6,367.5,152092
1669676400,,370,370,372.9,367,160174
1669762800,,371.3,363.8,371.3,360.1,770949
1669849200,,367.6,365.1,368,358.9,152103
1669935600,,362.1,354.5,364,349,502386
1670194800,,354.5,350,355.7,348.7,107443
1670281200,,352.3,351.4,354.8,344.7,115081
1670367600,,349.3,351.2,353.3,344.5,111618
1670454000,,351.7,357.4,359,351.7,165115
1670540400,,359.4,369.1,370.7,358.7,214174
1670799600,,371,378,379.5,363.2,230838
1670886000,,375.8,377.5,383.3,371.5,342336
1670972400,,379.3,380.7,385.9,375.1,149531
1671058800,,380,378.2,383.2,376.2,221805
1671145200,,378,376.2,378.5,371,397542
1671404400,,376,380.3,382.6,373,139274
1671490800,,380,385.1,386,376.7,117459
1671577200,,385,387.3,388.4,382.7,126440
1671663600,,387.3,382,390.3,381,110171
1671750000,,381.9,382.1,384,379.1,49796
1672095600,,387.3,376.8,387.3,375.4,42912
1672182000,,376.8,375,377.1,371.2,69698
1672268400,,373.1,376.7,378,370.6,67362
1672354800,,375.7,375.3,377.4,371.6,93196
1672614000,,375.3,369.2,378.2,368.2,54874
1672700400,,370,359.4,370.2,357,270377
1672786800,,362.9,360,367.3,354.2,339827
1672873200,,360,352.8,363.5,351.4,233549
1673218800,,352.2,365.3,365.8,351.1,195754
1673305200,,364.9,365,367.6,360.2,237511
1673391600,,364.6,365.2,369.7,361.4,103410
1673478000,,367.2,366.1,373.7,363.3,116789
1673564400,,366.7,363.5,371,363,106776
1673823600,,366.9,368.6,369.9,358,84665
1673910000,,368,363,370.6,361.7,101907
1673996400,,363,361.9,370,361.5,183852
1674082800,,364,354.7,364,351.6,178174
1674169200,,356.9,363.9,364,351.9,152569
1674428400,,364.4,370.3,371.6,364.2,111686
1674514800,,373,374.1,377.9,372.2,110155
1674601200,,374.7,375.4,380.3,371.4,257457
1674687600,,379.9,386.4,391.1,379.6,269701
1674774000,,386.7,387.2,390.2,384.1,103104
1675033200,,388.4,392.6,393.1,382.9,205655
1675119600,,392.7,391.1,394.6,383.9,263079
1675206000,,392,380.4,393.9,379.9,332979
1675292400,,385.8,380,388,377.7,217214
1675378800,,388,385.9,392.9,379.2,195407
1675638000,,387.7,379.5,387.7,379.5,183230
1675724400,,385.2,382.4,388,381.1,123478
1675810800,,384.2,376.9,385.9,375.9,121414
1675897200,,380,376,382.9,373.5,143888
1675983600,,376.6,365.5,376.9,362.5,224390
1676242800,,368.3,364,370.7,361.4,100859
1676329200,,369.6,359.3,370.8,357.1,153070
1676415600,,357.2,370,371.9,357.2,247102
1676502000,,372,368,373,365.1,85205
1676588400,,367.7,371.4,372.3,364.4,158951
1676847600,,371.8,370,372.5,364.8,74024
1676934000,,370.2,371.5,371.8,367.2,393634
1677020400,,372.5,363.8,372.5,359.4,351968
1677106800,,365.4,372.5,374.1,363.9,221410
1677193200,,374.1,370,374.1,366.6,94666
1677452400,,372,370.8,372,367.2,105363
1677538800,,371.4,371.6,375.9,366.7,259973
1677625200,,374,373.4,376.6,370.4,143418
1677711600,,373.5,376.2,376.7,370.7,140828
1677798000,,376.9,382.7,383.2,375.8,149473
1678057200,,385.5,389.1,390,382.6,125175
1678143600,,390.6,394.3,400.5,389.5,305166
1678230000,,396,403.5,403.9,392,269417
1678316400,,399.6,407.4,408.2,399.6,358345
1678402800,,404,414.6,415,400.6,414453
1678662000,,415.5,405.1,418,403.2,573415
1678748400,,406,412.6,415.3,400.6,262923
1678834800,,412.9,405,413.6,403.5,218038
1678921200,,405.6,409.3,410,397.4,239614
1679007600,,409.2,411.5,413.2,405,409219
1679266800,,409.5,410.3,412.8,398.4,264747
1679353200,,409.3,414.1,421.2,408,370564
1679439600,,417.1,414.7,420.7,413,334062
1679526000,,418,403.3,418.1,402,250476
1679612400,,391,387.2,396.3,377,961876
1679868000,,387.4,391.1,395,386.3,355597
1679954400,,391.2,400.4,403,391.2,312830
1680040800,,400.4,385.3,400.4,384.5,331390
1680127200,,386,382.9,389.2,380.7,358060
1680213600,,385.5,391.1,391.1,381.1,449992
1680472800,,391.1,387.5,397.9,386.9,177896
1680559200,,392.8,389.4,393.6,385.2,138324
1680645600,,391.4,383.4,391.4,381.3,209834
1680732000,,385.9,379.7,386.2,377.7,249024
1681164000,,379.7,374,383.6,373.1,438008
1681250400,,374,373.5,377.7,369.7,428103
1681336800,,374.9,388,388.7,372.2,249821
1681423200,,396,392.9,396,386.2,197464
1681682400,,395.4,393.5,395.5,386.5,174678
1681768800,,394,395,399,389.9,186315
1681855200,,396.5,397.1,399,392,245998
1681941600,,396.2,399.7,400.5,390,133125
1682028000,,394,395.3,396.6,390.2,185045
1682287200,,395.3,399.5,399.5,392.6,94555
1682373600,,398.1,401.2,404.7,397.8,105770
1682460000,,401.3,404.3,404.4,396.1,153922
1682546400,,405.3,428.2,431,405,317835
1682632800,,430,423.4,430.7,419.8,266793
1682978400,,421.2,428.5,431.8,421.2,251456
1683151200,,424.2,414.9,426.6,413.4,262132
1683237600,,416,406.7,421.6,404,179484
1683496800,,405.5,402,406.6,398.1,165243
1683583200,,402,408.2,408.5,400.6,101548
1683669600,,410,409.6,414.6,404.6,146912
1683756000,,412.4,405.6,412.4,404,132400
1683842400,,408,417.7,420.9,406,197382
1684101600,,420,420,425,416.8,378069
1684188000,,420,424.2,424.6,418,310002
1684274400,,422,421,425.5,420.5,248234
1684360800,,424.8,414.4,427,412.5,203422
1684447200,,419.3,423.5,425.1,412.5,212127
1684706400,,425.2,425.9,429.9,420.5,130410
1684792800,,424,422.5,431.6,421,138458
1684879200,,420,420.7,424.6,415.9,138999
1684965600,,422.5,425.2,427.8,416,112917
1685052000,,425.6,429.5,431,419,222575
1685311200,,430.2,424.3,431.2,423.8,27017
1685397600,,423.1,422,424,419.2,213090
1685484000,,419.3,416.1,422.7,415.3,424265
1685570400,,422.7,442,443.5,419.1,252352
1685656800,,446.7,459,460.7,446.4,372970
1685916000,,461,455.7,467.4,453.6,337507
1686002400,,455,460.4,464.1,452.9,269007
1686088800,,458.2,458,463.7,455.5,247182
1686261600,,454.5,460.3,464.7,450.7,195928
1686520800,,460.4,469.9,473.2,460.4,332983
1686607200,,475.1,476.5,479.7,470.7,182186
1686693600,,477.7,473.5,478.3,470.2,208677
1686780000,,474.7,484.1,491.8,470.3,250572
1686866400,,485,477.1,491.2,474.1,515428
1687125600,,476.6,467.9,477,466,98654
1687212000,,468,469.8,470.8,462,190296
1687298400,,473.8,467.1,473.9,466,70568
1687384800,,471.1,462,471.1,461.3,140254
1687471200,,460,462.8,467.3,459.5,228536
1687730400,,465.9,466.4,467,459.7,251101
1687816800,,465.5,459.5,468.1,457.1,191421
1687903200,,460,465.8,467.6,457.5,261889
1687989600,,467.7,470,471.4,465.9,109375
1688076000,,469,474.8,474.8,464.1,217123
1688335200,,475.5,476.2,478,471.2,213102
1688421600,,474.2,470.6,477.5,467,127246
1688508000,,469,462,469,460.5,158175
1688594400,,460,462.5,465,456.2,107036
1688680800,,463,456.2,463,453.8,116143
1688940000,,456.2,465.8,467,456,68470
1689026400,,467,466.6,470.8,465,79662
1689112800,,467.2,466,468.1,459.8,102330
1689199200,,463.3,461.2,470.5,460.7,96162
1689285600,,460.4,467.8,471,460.4,65275
1689544800,,468.1,471.4,474,467.6,89251
1689631200,,474.4,471.9,474.4,467.9,53979
1689717600,,474.4,474,476.7,470.3,102578
1689804000,,470.4,472.4,475,469,76945
1689890400,,474.5,475,477.4,472.4,91084
1690149600,,475,480,480,474.5,104017
1690236000,,480,476,480.8,475,94797
1690322400,,475.8,475,476,469,84890
1690408800,,476.2,460.1,478.2,460.1,177551
1690495200,,461.8,459.2,462.6,456.6,159482
1690754400,,459.7,446.3,463.3,444.2,261580
1690840800,,449.3,449.1,453.2,446.3,208421
1690927200,,449.5,444,449.5,441.8,124346
1691013600,,441,447.4,448.2,437.5,158569
1691100000,,449.6,451.2,456.3,442,151862
1691359200,,450.5,437.7,450.5,435.6,144574
1691445600,,436.1,432.9,438.9,428.5,183165
1691532000,,432.9,430.2,439.6,428.3,91513
1691618400,,430.4,434.6,439.5,426.6,94485
1691704800,,431.3,431.5,436.7,430.1,45217
1691964000,,431.5,433.3,437.6,431.5,117907
1692136800,,432,432.3,434.7,426.8,79321
1692223200,,432.1,432.3,443.5,427.8,131874
1692309600,,410,396.2,418.8,395.3,641927
1692568800,,399.1,384.7,401.7,380.6,456949
1692655200,,387,384.4,389.9,381.6,347787
1692741600,,385.5,373,386.7,372.1,500251
1692828000,,375,374.9,380.1,370.4,239860
1692914400,,371.2,377.3,380.1,370.1,391875
1693173600,,380.7,389.6,391.1,379.4,172012
1693260000,,390.5,395,397.5,384.2,237334
1693346400,,395.6,381.8,396.1,381,135855
1693432800,,381.8,378.9,384.6,377.1,273924
1693519200,,375.4,377.7,383.3,371.5,211882
1693778400,,376.5,375,379.9,372.4,247930
1693864800,,375.9,375.8,392,372.2,636602
1693951200,,377.1,382.7,385,369.5,204188
1694037600,,383.8,386.5,392.3,378.8,428687
1694124000,,386.6,383.8,388.9,377.7,206395
1694383200,,384,382.3,395,381.7,145357
1694469600,,383,377.4,383.9,375.5,143290
1694556000,,377.4,372,378.4,369.4,221205
1694642400,,372,375,375.9,366,167471
1694728800,,377,382.9,384.8,375,506077
1694988000,,382.9,388.7,391,377.5,295878
1695074400,,392,370,393.1,367.1,857951
1695160800,,368.4,376.3,378.5,363,342520
1695247200,,371.1,373.1,376.1,367.3,167496
1695333600,,373,373.8,374.7,368.1,120601
1695592800,,370.5,375.4,375.7,368.5,170027
1695679200,,370.9,361.4,373.6,357.6,230527
1695765600,,361.4,360.2,367.9,356,201667
1695852000,,360,347.8,360,344.6,321358
1695938400,,349.2,355,359.1,348,421639
1696197600,,355.3,344.9,356.3,343.1,143219
1696284000,,346.4,343.7,352.4,339.1,190893
1696370400,,342.5,345.8,354.1,339.8,241709
1696456800,,354,348.9,354.2,341.7,171150
1696543200,,349,350.8,355.1,343.7,192360
1696802400,,349,359.1,362.1,347.7,196815
1696888800,,362.5,365.9,365.9,355.9,222719
1696975200,,366.9,359.6,371.1,354.4,386832
1697061600,,359.6,345,359.6,345,368540
1697148000,,344,358.6,360,339.5,556177
1697407200,,369.7,366,375.4,356.8,618928
1697493600,,368.3,383.5,385.9,363.6,457213
1697580000,,383.6,386.3,391.4,380.6,356655
1697666400,,385,375,385,373.7,268457
1697752800,,372,378,381.7,371,183496
