t,o,c,h,l,v
1363561200,2.13,2,2.13,1.81,1513
1363647600,1.7,1.58,1.7,1.58,1208
1363734000,1.25,1.25,1.25,1.25,216
1363820400,1.58,1.58,1.58,1.58,76
1363906800,0,1.58,1.58,1.58,0
1364166000,0,1.58,1.58,1.58,0
1364252400,1.09,1.09,1.09,1.09,441
1364338800,1.09,1.09,1.09,1.09,200
1364425200,1,0.99,1,0.99,231
1364853600,0,0.99,0.99,0.99,0
1364940000,0,0.99,0.99,0.99,0
1365026400,0,0.99,0.99,0.99,0
1365112800,0,0.99,0.99,0.99,0
1365372000,0.99,0.99,0.99,0.99,1482
1365458400,0,0.99,0.99,0.99,0
1365544800,0,0.99,0.99,0.99,0
1365631200,0,0.99,0.99,0.99,0
1365717600,0,0.99,0.99,0.99,0
1365976800,0,0.99,0.99,0.99,0
1366149600,0,0.99,0.99,0.99,0
1366236000,0,0.99,0.99,0.99,0
1366322400,0,0.99,0.99,0.99,0
1366581600,0,0.99,0.99,0.99,0
1366668000,0,0.99,0.99,0.99,0
1366754400,0,0.99,0.99,0.99,0
1366840800,0,0.99,0.99,0.99,0
1366927200,0,0.99,0.99,0.99,0
1367186400,0,0.99,0.99,0.99,0
1367272800,0,0.99,0.99,0.99,0
1367445600,0,0.99,0.99,0.99,0
1367791200,0,0.99,0.99,0.99,0
1367877600,0,0.99,0.99,0.99,0
1367964000,0,0.99,0.99,0.99,0
1368050400,0,0.99,0.99,0.99,0
1368136800,0,0.99,0.99,0.99,0
1368396000,0,0.99,0.99,0.99,0
1368482400,0,0.99,0.99,0.99,0
1368568800,0,0.99,0.99,0.99,0
1368655200,0,0.99,0.99,0.99,0
1368741600,0,0.99,0.99,0.99,0
1369000800,0,0.99,0.99,0.99,0
1369087200,0,0.99,0.99,0.99,0
1369173600,0,0.99,0.99,0.99,0
1369260000,0,0.99,0.99,0.99,0
1369346400,0,0.99,0.99,0.99,0
1369605600,0,0.99,0.99,0.99,0
1369692000,0,0.99,0.99,0.99,0
1369778400,0,0.99,0.99,0.99,0
1369951200,0,0.99,0.99,0.99,0
1370210400,0,0.99,0.99,0.99,0
1370296800,0,0.99,0.99,0.99,0
1370383200,0,0.99,0.99,0.99,0
1370469600,0.9,1.07,1.07,0.9,3000
1370556000,0,1.07,1.07,1.07,0
1370815200,0,1.07,1.07,1.07,0
1370901600,1.15,1.15,1.15,1.15,501
1370988000,0,1.15,1.15,1.15,0
1371074400,0,1.15,1.15,1.15,0
1371160800,0,1.15,1.15,1.15,0
1371420000,0,1.15,1.15,1.15,0
1371506400,0,1.15,1.15,1.15,0
1371592800,1.17,1.17,1.17,1.17,101
1371679200,0,1.17,1.17,1.17,0
1371765600,0,1.17,1.17,1.17,0
1372024800,0,1.17,1.17,1.17,0
1372111200,0,1.17,1.17,1.17,0
1372197600,0,1.17,1.17,1.17,0
1372284000,0,1.17,1.17,1.17,0
1372370400,0,1.17,1.17,1.17,0
1372629600,0,1.17,1.17,1.17,0
1372716000,0,1.17,1.17,1.17,0
1372802400,0,1.17,1.17,1.17,0
1372888800,0,1.17,1.17,1.17,0
1372975200,0,1.17,1.17,1.17,0
1373234400,0,1.17,1.17,1.17,0
1373320800,0,1.17,1.17,1.17,0
1373407200,1.3,1.3,1.3,1.3,10
1373493600,0,1.3,1.3,1.3,0
1373580000,0,1.3,1.3,1.3,0
1373839200,0,1.3,1.3,1.3,0
1373925600,0,1.3,1.3,1.3,0
1374012000,0,1.3,1.3,1.3,0
1374098400,0,1.3,1.3,1.3,0
1374184800,0,1.3,1.3,1.3,0
1374444000,0,1.3,1.3,1.3,0
1374530400,0,1.3,1.3,1.3,0
1374616800,0,1.3,1.3,1.3,0
1374703200,0,1.3,1.3,1.3,0
1374789600,0,1.3,1.3,1.3,0
1375048800,0,1.3,1.3,1.3,0
1375135200,0,1.3,1.3,1.3,0
1375221600,0,1.3,1.3,1.3,0
1375308000,0,1.3,1.3,1.3,0
1375394400,0,1.3,1.3,1.3,0
1375653600,0,1.3,1.3,1.3,0
1375740000,0,1.3,1.3,1.3,0
1375826400,0,1.3,1.3,1.3,0
1375912800,0,1.3,1.3,1.3,0
1375999200,0,1.3,1.3,1.3,0
1376258400,0,1.3,1.3,1.3,0
1376344800,0,1.3,1.3,1.3,0
1376431200,0,1.3,1.3,1.3,0
1376604000,0,1.3,1.3,1.3,0
1376863200,1.3,1.3,1.3,1.3,1
1376949600,0,1.3,1.3,1.3,0
1377036000,0,1.3,1.3,1.3,0
1377122400,0,1.3,1.3,1.3,0
1377208800,0,1.3,1.3,1.3,0
1377468000,0,1.3,1.3,1.3,0
1377554400,0,1.3,1.3,1.3,0
1377640800,0,1.3,1.3,1.3,0
1377727200,0,1.3,1.3,1.3,0
1377813600,0,1.3,1.3,1.3,0
1378072800,1.2,1.2,1.2,1.2,609
1378159200,0,1.2,1.2,1.2,0
1378245600,0,1.2,1.2,1.2,0
1378332000,0,1.2,1.2,1.2,0
1378418400,0,1.2,1.2,1.2,0
1378677600,0,1.2,1.2,1.2,0
1378764000,0,1.2,1.2,1.2,0
1378850400,0,1.2,1.2,1.2,0
1378936800,0,1.2,1.2,1.2,0
1379023200,0,1.2,1.2,1.2,0
1379282400,0,1.2,1.2,1.2,0
1379368800,1.3,1.3,1.3,1.3,1159
1379455200,1.6,1.6,1.6,1.6,950
1379541600,2.13,2.13,2.13,2.13,1001
1379628000,2.13,2.13,2.13,2.13,300
1379887200,0,2.13,2.13,2.13,0
1379973600,0,2.13,2.13,2.13,0
1380060000,2,2,2,2,300
1380146400,0,2,2,2,0
1380232800,0,2,2,2,0
1380492000,0,2,2,2,0
1380578400,0,2,2,2,0
1380664800,0,2,2,2,0
1380751200,0,2,2,2,0
1380837600,0,2,2,2,0
1381096800,0,2,2,2,0
1381183200,0,2,2,2,0
1381269600,0,2,2,2,0
1381356000,0,2,2,2,0
1381442400,0,2,2,2,0
1381701600,2.07,2.07,2.07,2.07,1450
1381788000,0,2.07,2.07,2.07,0
1381874400,0,2.07,2.07,2.07,0
1381960800,0,2.07,2.07,2.07,0
1382047200,0,2.07,2.07,2.07,0
1382306400,0,2.07,2.07,2.07,0
1382392800,0,2.07,2.07,2.07,0
1382479200,0,2.07,2.07,2.07,0
1382565600,0,2.07,2.07,2.07,0
1382652000,0,2.07,2.07,2.07,0
1382914800,0,2.07,2.07,2.07,0
1383001200,0,2.07,2.07,2.07,0
1383087600,0,2.07,2.07,2.07,0
1383174000,0,2.07,2.07,2.07,0
1383519600,0,2.07,2.07,2.07,0
1383606000,0,2.07,2.07,2.07,0
1383692400,0,2.07,2.07,2.07,0
1383778800,0,2.07,2.07,2.07,0
1383865200,0,2.07,2.07,2.07,0
1384210800,0,2.07,2.07,2.07,0
1384297200,0,2.07,2.07,2.07,0
1384383600,0,2.07,2.07,2.07,0
1384470000,0,2.07,2.07,2.07,0
1384729200,0,2.07,2.07,2.07,0
1384815600,0,2.07,2.07,2.07,0
1384902000,0,2.07,2.07,2.07,0
1384988400,0,2.07,2.07,2.07,0
1385074800,0,2.07,2.07,2.07,0
1385334000,0,2.07,2.07,2.07,0
1385420400,0,2.07,2.07,2.07,0
1385506800,0,2.07,2.07,2.07,0
1385593200,0,2.07,2.07,2.07,0
1385679600,0,2.07,2.07,2.07,0
1385938800,0,2.07,2.07,2.07,0
1386025200,0,2.07,2.07,2.07,0
1386111600,0,2.07,2.07,2.07,0
1386198000,0,2.07,2.07,2.07,0
1386284400,0,2.07,2.07,2.07,0
1386543600,0,2.07,2.07,2.07,0
1386630000,0,2.07,2.07,2.07,0
1386716400,0,2.07,2.07,2.07,0
1386802800,0,2.07,2.07,2.07,0
1386889200,0,2.07,2.07,2.07,0
1387148400,0,2.07,2.07,2.07,0
1387234800,0,2.07,2.07,2.07,0
1387321200,0,2.07,2.07,2.07,0
1387407600,0,2.07,2.07,2.07,0
1387494000,0,2.07,2.07,2.07,0
1387753200,0,2.07,2.07,2.07,0
1388098800,0,2.07,2.07,2.07,0
1388358000,0,2.07,2.07,2.07,0
1388617200,0,2.07,2.07,2.07,0
1388703600,0,2.07,2.07,2.07,0
1389049200,2.01,2.01,2.01,2.01,1
1389135600,2.09,2.09,2.09,2.09,1
1389222000,0,2.09,2.09,2.09,0
1389308400,0,2.09,2.09,2.09,0
1389567600,0,2.09,2.09,2.09,0
1389654000,0,2.09,2.09,2.09,0
1389740400,0,2.09,2.09,2.09,0
1389826800,0,2.09,2.09,2.09,0
1389913200,0,2.09,2.09,2.09,0
1390172400,0,2.09,2.09,2.09,0
1390258800,0,2.09,2.09,2.09,0
1390345200,0,2.09,2.09,2.09,0
1390431600,0,2.09,2.09,2.09,0
1390518000,0,2.09,2.09,2.09,0
1390777200,0,2.09,2.09,2.09,0
1390863600,0,2.09,2.09,2.09,0
1390950000,0,2.09,2.09,2.09,0
1391036400,0,2.09,2.09,2.09,0
1391122800,0,2.09,2.09,2.09,0
1391382000,0,2.09,2.09,2.09,0
1391468400,0,2.09,2.09,2.09,0
1391554800,0,2.09,2.09,2.09,0
1391641200,0,2.09,2.09,2.09,0
1391727600,0,2.09,2.09,2.09,0
1391986800,0,2.09,2.09,2.09,0
1392073200,0,2.09,2.09,2.09,0
1392159600,0,2.09,2.09,2.09,0
1392246000,0,2.09,2.09,2.09,0
1392332400,0,2.09,2.09,2.09,0
1392591600,0,2.09,2.09,2.09,0
1392678000,0,2.09,2.09,2.09,0
1392764400,0,2.09,2.09,2.09,0
1392850800,0,2.09,2.09,2.09,0
1392937200,0,2.09,2.09,2.09,0
1393196400,0,2.09,2.09,2.09,0
1393282800,0,2.09,2.09,2.09,0
1393369200,0,2.09,2.09,2.09,0
1393455600,0,2.09,2.09,2.09,0
1393542000,0,2.09,2.09,2.09,0
1393801200,0,2.09,2.09,2.09,0
1393887600,0,2.09,2.09,2.09,0
1393974000,0,2.09,2.09,2.09,0
1394060400,0,2.09,2.09,2.09,0
1394146800,0,2.09,2.09,2.09,0
1394406000,0,2.09,2.09,2.09,0
1394492400,0,2.09,2.09,2.09,0
1394578800,0,2.09,2.09,2.09,0
1394665200,0,2.09,2.09,2.09,0
1394751600,0,2.09,2.09,2.09,0
1395010800,0,2.09,2.09,2.09,0
1395097200,0,2.09,2.09,2.09,0
1395183600,0,2.09,2.09,2.09,0
1395270000,0,2.09,2.09,2.09,0
1395356400,0,2.09,2.09,2.09,0
1395615600,0,2.09,2.09,2.09,0
1395702000,0,2.09,2.09,2.09,0
1395788400,0,2.09,2.09,2.09,0
1395874800,0,2.09,2.09,2.09,0
1395961200,0,2.09,2.09,2.09,0
1396216800,0,2.09,2.09,2.09,0
1396303200,0,2.09,2.09,2.09,0
1396389600,0,2.09,2.09,2.09,0
1396476000,0,2.09,2.09,2.09,0
1396562400,0,2.09,2.09,2.09,0
1396821600,0,2.09,2.09,2.09,0
1396908000,0,2.09,2.09,2.09,0
1396994400,0,2.09,2.09,2.09,0
1397080800,0,2.09,2.09,2.09,0
1397167200,0,2.09,2.09,2.09,0
1397426400,0,2.09,2.09,2.09,0
1397512800,0,2.09,2.09,2.09,0
1397599200,0,2.09,2.09,2.09,0
1397685600,0,2.09,2.09,2.09,0
1398117600,0,2.09,2.09,2.09,0
1398204000,0,2.09,2.09,2.09,0
1398290400,0,2.09,2.09,2.09,0
1398376800,0,2.09,2.09,2.09,0
1398636000,0,2.09,2.09,2.09,0
1398722400,0,2.09,2.09,2.09,0
1398808800,0,2.09,2.09,2.09,0
1398981600,0,2.09,2.09,2.09,0
1399240800,0,2.09,2.09,2.09,0
1399327200,0,2.09,2.09,2.09,0
1399413600,0,2.09,2.09,2.09,0
1399500000,0,2.09,2.09,2.09,0
1399586400,0,2.09,2.09,2.09,0
1399845600,0,2.09,2.09,2.09,0
1399932000,0,2.09,2.09,2.09,0
1400018400,0,2.09,2.09,2.09,0
1400104800,0,2.09,2.09,2.09,0
1400191200,0,2.09,2.09,2.09,0
1400450400,0,2.09,2.09,2.09,0
1400536800,0,2.09,2.09,2.09,0
1400623200,0,2.09,2.09,2.09,0
1400709600,0,2.09,2.09,2.09,0
1400796000,0,2.09,2.09,2.09,0
1401055200,0,2.09,2.09,2.09,0
1401141600,0,2.09,2.09,2.09,0
1401228000,0,2.09,2.09,2.09,0
1401314400,0,2.09,2.09,2.09,0
1401400800,0,2.09,2.09,2.09,0
1401660000,0,2.09,2.09,2.09,0
1401746400,0,2.09,2.09,2.09,0
1401832800,0,2.09,2.09,2.09,0
1401919200,0,2.09,2.09,2.09,0
1402005600,0,2.09,2.09,2.09,0
1402264800,0,2.09,2.09,2.09,0
1402351200,0,2.09,2.09,2.09,0
1402437600,0,2.09,2.09,2.09,0
1402524000,0,2.09,2.09,2.09,0
1402610400,0,2.09,2.09,2.09,0
1402869600,0,2.09,2.09,2.09,0
1402956000,0,2.09,2.09,2.09,0
1403042400,0,2.09,2.09,2.09,0
1403215200,0,2.09,2.09,2.09,0
1403474400,0,2.09,2.09,2.09,0
1403560800,0,2.09,2.09,2.09,0
1403647200,0,2.09,2.09,2.09,0
1403733600,0,2.09,2.09,2.09,0
1403820000,0,2.09,2.09,2.09,0
1404079200,0,2.09,2.09,2.09,0
1404165600,0,2.09,2.09,2.09,0
1404252000,0,2.09,2.09,2.09,0
1404338400,0,2.09,2.09,2.09,0
1404424800,0,2.09,2.09,2.09,0
1404684000,0,2.09,2.09,2.09,0
1404770400,0,2.09,2.09,2.09,0
1404856800,0,2.09,2.09,2.09,0
1404943200,0,2.09,2.09,2.09,0
1405029600,0,2.09,2.09,2.09,0
1405288800,0,2.09,2.09,2.09,0
1405375200,0,2.09,2.09,2.09,0
1405461600,0,2.09,2.09,2.09,0
1405548000,0,2.09,2.09,2.09,0
1405634400,0,2.09,2.09,2.09,0
1405893600,0,2.09,2.09,2.09,0
1405980000,0,2.09,2.09,2.09,0
1406066400,0,2.09,2.09,2.09,0
1406152800,0,2.09,2.09,2.09,0
1406239200,0,2.09,2.09,2.09,0
1406498400,0,2.09,2.09,2.09,0
1406584800,0,2.09,2.09,2.09,0
1406671200,0,2.09,2.09,2.09,0
1406757600,0,2.09,2.09,2.09,0
1406844000,0,2.09,2.09,2.09,0
1407103200,0,2.09,2.09,2.09,0
1407189600,0,2.09,2.09,2.09,0
1407276000,0,2.09,2.09,2.09,0
1407362400,0,2.09,2.09,2.09,0
1407448800,0,2.09,2.09,2.09,0
1407708000,0,2.09,2.09,2.09,0
1407794400,0,2.09,2.09,2.09,0
1407880800,0,2.09,2.09,2.09,0
1407967200,0,2.09,2.09,2.09,0
1408312800,0,2.09,2.09,2.09,0
1408399200,0,2.09,2.09,2.09,0
1408485600,0,2.09,2.09,2.09,0
1408572000,0,2.09,2.09,2.09,0
1408658400,0,2.09,2.09,2.09,0
1408917600,0,2.09,2.09,2.09,0
1409004000,0,2.09,2.09,2.09,0
1409090400,0,2.09,2.09,2.09,0
1409176800,0,2.09,2.09,2.09,0
1409263200,0,2.09,2.09,2.09,0
1409522400,0,2.09,2.09,2.09,0
1409608800,0,2.09,2.09,2.09,0
1409695200,0,2.09,2.09,2.09,0
1409781600,0,2.09,2.09,2.09,0
1409868000,0,2.09,2.09,2.09,0
1410127200,0,2.09,2.09,2.09,0
1410213600,0,2.09,2.09,2.09,0
1410300000,0,2.09,2.09,2.09,0
1410386400,0,2.09,2.09,2.09,0
1410472800,0,2.09,2.09,2.09,0
1410732000,0,2.09,2.09,2.09,0
1410818400,0,2.09,2.09,2.09,0
1410904800,0,2.09,2.09,2.09,0
1410991200,0,2.09,2.09,2.09,0
1411077600,0,2.09,2.09,2.09,0
1411336800,0,2.09,2.09,2.09,0
1411423200,0,2.09,2.09,2.09,0
1411509600,0,2.09,2.09,2.09,0
1411596000,0,2.09,2.09,2.09,0
1411682400,0,2.09,2.09,2.09,0
1411941600,0,2.09,2.09,2.09,0
1412028000,2.1,2.1,2.1,2.1,800
1412114400,2.5,2.5,2.5,2.5,800
1412200800,0,2.5,2.5,2.5,0
1412287200,0,2.5,2.5,2.5,0
1412546400,0,2.5,2.5,2.5,0
1412632800,0,2.5,2.5,2.5,0
1412719200,0,2.5,2.5,2.5,0
1412805600,0,2.5,2.5,2.5,0
1412892000,2.15,2.15,2.15,2.15,25
1413151200,2.15,2.15,2.15,2.15,775
1413237600,0,2.15,2.15,2.15,0
1413324000,0,2.15,2.15,2.15,0
1413410400,2,2,2,2,1
1413496800,0,2,2,2,0
1413756000,0,2,2,2,0
1413842400,0,2,2,2,0
1413928800,0,2,2,2,0
1414015200,0,2,2,2,0
1414101600,0,2,2,2,0
1414364400,2,2,2,2,799
1414450800,0,2,2,2,0
1414537200,0,2,2,2,0
1414623600,0,2,2,2,0
1414710000,0,2,2,2,0
1414969200,0,2,2,2,0
1415055600,0,2,2,2,0
1415142000,0,2,2,2,0
1415228400,0,2,2,2,0
1415314800,0,2,2,2,0
1415574000,0,2,2,2,0
1415746800,0,2,2,2,0
1415833200,0,2,2,2,0
1415919600,0,2,2,2,0
1416178800,0,2,2,2,0
1416265200,0,2,2,2,0
1416351600,0,2,2,2,0
1416438000,0,2,2,2,0
1416524400,0,2,2,2,0
1416783600,0,2,2,2,0
1416870000,0,2,2,2,0
1416956400,0,2,2,2,0
1417042800,0,2,2,2,0
1417129200,0,2,2,2,0
1417388400,0,2,2,2,0
1417474800,0,2,2,2,0
1417561200,0,2,2,2,0
1417647600,0,2,2,2,0
1417734000,0,2,2,2,0
1417993200,0,2,2,2,0
1418079600,0,2,2,2,0
1418166000,0,2,2,2,0
1418252400,0,2,2,2,0
1418338800,0,2,2,2,0
1418598000,0,2,2,2,0
1418684400,0,2,2,2,0
1418770800,0,2,2,2,0
1418857200,0,2,2,2,0
1418943600,0,2,2,2,0
1419202800,0,2,2,2,0
1419289200,2.15,2.15,2.15,2.15,35
1419807600,0,2.15,2.15,2.15,0
1419894000,0,2.15,2.15,2.15,0
1420153200,0,2.15,2.15,2.15,0
1420412400,0,2.15,2.15,2.15,0
1420585200,2.02,2.02,2.02,2.02,35
1420671600,0,2.02,2.02,2.02,0
1420758000,0,2.02,2.02,2.02,0
1421017200,0,2.02,2.02,2.02,0
1421103600,0,2.02,2.02,2.02,0
1421190000,0,2.02,2.02,2.02,0
1421276400,0,2.02,2.02,2.02,0
1421362800,0,2.02,2.02,2.02,0
1421622000,0,2.02,2.02,2.02,0
1421708400,0,2.02,2.02,2.02,0
1421794800,0,2.02,2.02,2.02,0
1421881200,0,2.02,2.02,2.02,0
1421967600,0,2.02,2.02,2.02,0
1422226800,0,2.02,2.02,2.02,0
1422313200,0,2.02,2.02,2.02,0
1422399600,2.17,2.17,2.17,2.17,10
1422486000,0,2.17,2.17,2.17,0
1422572400,0,2.17,2.17,2.17,0
1422831600,0,2.17,2.17,2.17,0
1422918000,0,2.17,2.17,2.17,0
1423004400,2.02,2.02,2.02,2.02,10
1423090800,0,2.02,2.02,2.02,0
1423177200,0,2.02,2.02,2.02,0
1423436400,0,2.02,2.02,2.02,0
1423522800,0,2.02,2.02,2.02,0
1423609200,0,2.02,2.02,2.02,0
1423695600,0,2.02,2.02,2.02,0
1423782000,0,2.02,2.02,2.02,0
1424041200,0,2.02,2.02,2.02,0
1424127600,0,2.02,2.02,2.02,0
1424214000,0,2.02,2.02,2.02,0
1424300400,0,2.02,2.02,2.02,0
1424386800,0,2.02,2.02,2.02,0
1424646000,0,2.02,2.02,2.02,0
1424732400,0,2.02,2.02,2.02,0
1424818800,0,2.02,2.02,2.02,0
1424905200,0,2.02,2.02,2.02,0
1424991600,0,2.02,2.02,2.02,0
1425250800,0,2.02,2.02,2.02,0
1425337200,0,2.02,2.02,2.02,0
1425423600,0,2.02,2.02,2.02,0
1425510000,0,2.02,2.02,2.02,0
1425596400,0,2.02,2.02,2.02,0
1425855600,0,2.02,2.02,2.02,0
1425942000,0,2.02,2.02,2.02,0
1426028400,0,2.02,2.02,2.02,0
1426114800,0,2.02,2.02,2.02,0
1426201200,0,2.02,2.02,2.02,0
1426460400,0,2.02,2.02,2.02,0
1426546800,0,2.02,2.02,2.02,0
1426633200,0,2.02,2.02,2.02,0
1426719600,0,2.02,2.02,2.02,0
1426806000,0,2.02,2.02,2.02,0
1427065200,0,2.02,2.02,2.02,0
1427151600,0,2.02,2.02,2.02,0
1427238000,0,2.02,2.02,2.02,0
1427324400,0,2.02,2.02,2.02,0
1427410800,0,2.02,2.02,2.02,0
1427666400,2.17,2.17,2.17,2.17,10
1427752800,0,2.17,2.17,2.17,0
1427839200,0,2.17,2.17,2.17,0
1427925600,0,2.17,2.17,2.17,0
1428357600,0,2.17,2.17,2.17,0
1428444000,0,2.17,2.17,2.17,0
1428530400,0,2.17,2.17,2.17,0
1428616800,0,2.17,2.17,2.17,0
1428876000,0,2.17,2.17,2.17,0
1428962400,0,2.17,2.17,2.17,0
1429048800,0,2.17,2.17,2.17,0
1429135200,0,2.17,2.17,2.17,0
1429221600,0,2.17,2.17,2.17,0
1429480800,0,2.17,2.17,2.17,0
1429567200,0,2.17,2.17,2.17,0
1429653600,0,2.17,2.17,2.17,0
1429740000,0,2.17,2.17,2.17,0
1429826400,0,2.17,2.17,2.17,0
1430085600,2.2,2.2,2.2,2.2,10
1430172000,0,2.2,2.2,2.2,0
1430258400,0,2.2,2.2,2.2,0
1430344800,2.05,2.05,2.05,2.05,8
1430690400,0,2.05,2.05,2.05,0
1430776800,0,2.05,2.05,2.05,0
1430863200,0,2.05,2.05,2.05,0
1430949600,2.05,2.05,2.05,2.05,2
1431036000,0,2.05,2.05,2.05,0
1431295200,0,2.05,2.05,2.05,0
1431381600,0,2.05,2.05,2.05,0
1431468000,0,2.05,2.05,2.05,0
1431554400,0,2.05,2.05,2.05,0
1431640800,0,2.05,2.05,2.05,0
1431900000,0,2.05,2.05,2.05,0
1431986400,0,2.05,2.05,2.05,0
1432072800,0,2.05,2.05,2.05,0
1432159200,0,2.05,2.05,2.05,0
1432245600,0,2.05,2.05,2.05,0
1432504800,0,2.05,2.05,2.05,0
1432591200,0,2.05,2.05,2.05,0
1432677600,0,2.05,2.05,2.05,0
1432764000,0,2.05,2.05,2.05,0
1432850400,0,2.05,2.05,2.05,0
1433109600,0,2.05,2.05,2.05,0
1433196000,0,2.05,2.05,2.05,0
1433282400,0,2.05,2.05,2.05,0
1433455200,0,2.05,2.05,2.05,0
1433714400,0,2.05,2.05,2.05,0
1433800800,0,2.05,2.05,2.05,0
1433887200,0,2.05,2.05,2.05,0
1433973600,0,2.05,2.05,2.05,0
1434060000,0,2.05,2.05,2.05,0
1434319200,0,2.05,2.05,2.05,0
1434405600,0,2.05,2.05,2.05,0
1434492000,0,2.05,2.05,2.05,0
1434578400,0,2.05,2.05,2.05,0
1434664800,0,2.05,2.05,2.05,0
1434924000,0,2.05,2.05,2.05,0
1435010400,0,2.05,2.05,2.05,0
1435096800,0,2.05,2.05,2.05,0
1435183200,0,2.05,2.05,2.05,0
1435269600,0,2.05,2.05,2.05,0
1435528800,0,2.05,2.05,2.05,0
1435615200,0,2.05,2.05,2.05,0
1435701600,0,2.05,2.05,2.05,0
1435788000,0,2.05,2.05,2.05,0
1435874400,0,2.05,2.05,2.05,0
1436133600,0,2.05,2.05,2.05,0
1436220000,0,2.05,2.05,2.05,0
1436306400,0,2.05,2.05,2.05,0
1436392800,0,2.05,2.05,2.05,0
1436479200,0,2.05,2.05,2.05,0
1436738400,0,2.05,2.05,2.05,0
1436824800,0,2.05,2.05,2.05,0
1436911200,0,2.05,2.05,2.05,0
1436997600,0,2.05,2.05,2.05,0
1437084000,0,2.05,2.05,2.05,0
1437343200,0,2.05,2.05,2.05,0
1437429600,0,2.05,2.05,2.05,0
1437516000,0,2.05,2.05,2.05,0
1437602400,0,2.05,2.05,2.05,0
1437688800,0,2.05,2.05,2.05,0
1437948000,0,2.05,2.05,2.05,0
1438034400,0,2.05,2.05,2.05,0
1438120800,0,2.05,2.05,2.05,0
1438207200,0,2.05,2.05,2.05,0
1438293600,0,2.05,2.05,2.05,0
1438552800,0,2.05,2.05,2.05,0
1438639200,0,2.05,2.05,2.05,0
1438725600,0,2.05,2.05,2.05,0
1438812000,0,2.05,2.05,2.05,0
1438898400,0,2.05,2.05,2.05,0
1439157600,0,2.05,2.05,2.05,0
1439244000,0,2.05,2.05,2.05,0
1439330400,0,2.05,2.05,2.05,0
1439416800,0,2.05,2.05,2.05,0
1439503200,0,2.05,2.05,2.05,0
1439762400,0,2.05,2.05,2.05,0
1439848800,0,2.05,2.05,2.05,0
1439935200,0,2.05,2.05,2.05,0
1440021600,0,2.05,2.05,2.05,0
1440108000,0,2.05,2.05,2.05,0
1440367200,0,2.05,2.05,2.05,0
1440453600,0,2.05,2.05,2.05,0
1440540000,2.05,2.05,2.05,2.05,100
1440626400,0,2.05,2.05,2.05,0
1440712800,0,2.05,2.05,2.05,0
1440972000,0,2.05,2.05,2.05,0
1441058400,0,2.05,2.05,2.05,0
1441144800,0,2.05,2.05,2.05,0
1441231200,0,2.05,2.05,2.05,0
1441317600,0,2.05,2.05,2.05,0
1441576800,0,2.05,2.05,2.05,0
1441663200,0,2.05,2.05,2.05,0
1441749600,0,2.05,2.05,2.05,0
1441836000,0,2.05,2.05,2.05,0
1441922400,0,2.05,2.05,2.05,0
1442181600,0,2.05,2.05,2.05,0
1442268000,0,2.05,2.05,2.05,0
1442354400,0,2.05,2.05,2.05,0
1442440800,0,2.05,2.05,2.05,0
1442527200,0,2.05,2.05,2.05,0
1442786400,0,2.05,2.05,2.05,0
1442872800,0,2.05,2.05,2.05,0
1442959200,0,2.05,2.05,2.05,0
1443045600,0,2.05,2.05,2.05,0
1443132000,0,2.05,2.05,2.05,0
1443391200,0,2.05,2.05,2.05,0
1443477600,0,2.05,2.05,2.05,0
1443564000,0,2.05,2.05,2.05,0
1443650400,0,2.05,2.05,2.05,0
1443736800,0,2.05,2.05,2.05,0
1443996000,2.1,2.1,2.1,2.1,470
1444082400,2.16,2.16,2.16,2.16,245
1444168800,2.19,2.21,2.21,2.19,1350
1444255200,2.23,2.24,2.24,2.23,1363
1444341600,2.26,2.28,2.28,2.26,2778
1444600800,2.28,2.26,2.28,2.26,631
1444687200,2.26,2.26,2.26,2.26,1000
1444773600,2.26,2.24,2.26,2.24,611
1444860000,2.27,2.3,2.3,2.27,1410
1444946400,2.28,2.3,2.3,2.28,1501
1445205600,2.26,2.28,2.28,2.26,1450
1445292000,0,2.28,2.28,2.28,0
1445378400,2.26,2.26,2.26,2.26,400
1445464800,2.26,2.26,2.28,2.24,2051
1445551200,2.28,2.28,2.28,2.28,2295
1445814000,2.26,2.26,2.26,2.26,982
1445900400,0,2.26,2.26,2.26,0
1445986800,2.27,2.27,2.27,2.27,1000
1446073200,2.26,2.26,2.26,2.26,1000
1446159600,2.26,2.28,2.28,2.26,1582
1446418800,0,2.28,2.28,2.28,0
1446505200,2.32,2.3,2.32,2.3,2301
1446591600,2.3,2.3,2.3,2.3,1906
1446678000,2.3,2.32,2.32,2.3,2001
1446764400,2.33,2.4,2.5,2.33,1012
1447023600,2.35,2.35,2.35,2.33,1680
1447110000,2.33,2.38,2.4,2.33,1788
1447282800,2.38,2.37,2.38,2.37,1481
1447369200,2.34,2.35,2.35,2.34,2476
1447628400,0,2.35,2.35,2.35,0
1447714800,2.36,2.37,2.37,2.36,1798
1447801200,2.37,2.37,2.37,2.37,1480
1447887600,2.34,2.38,2.38,2.34,2674
1447974000,2.33,2.39,2.39,2.33,802
1448233200,2.39,2.34,2.39,2.34,2269
1448319600,2.33,2.45,2.45,2.33,2504
1448406000,2.37,2.41,2.44,2.37,2604
1448492400,2.4,2.34,2.4,2.32,4054
1448578800,2.37,2.37,2.37,2.3,2755
1448838000,2.36,2.34,2.38,2.34,4935
1448924400,2.31,2.32,2.32,2.29,4922
1449010800,2.34,2.35,2.36,2.32,4303
1449097200,2.35,2.35,2.35,2.35,500
1449183600,0,2.35,2.35,2.35,0
1449442800,2.34,2.37,2.37,2.34,3001
1449529200,2.37,2.39,2.39,2.36,3100
1449615600,2.39,2.4,2.42,2.38,4601
1449702000,2.42,2.41,2.42,2.41,3000
1449788400,2.37,2.39,2.39,2.37,6216
1450047600,2.4,2.41,2.41,2.39,2833
1450134000,2.33,2.39,2.39,2.33,3501
1450220400,2.37,2.37,2.37,2.37,1000
1450306800,2.38,2.4,2.4,2.38,3201
1450393200,2.39,2.4,2.4,2.39,2661
1450652400,2.4,2.4,2.42,2.38,4219
1450738800,2.39,2.39,2.41,2.38,4639
1450825200,2.38,2.42,2.42,2.36,1725
1451257200,2.38,2.37,2.38,2.37,1005
1451343600,2.36,2.37,2.37,2.35,1010
1451430000,0,2.37,2.37,2.37,0
1451862000,2.35,2.39,2.4,2.34,4730
1451948400,2.43,2.43,2.43,2.43,687
1452121200,2.42,2.41,2.42,2.39,4342
1452207600,2.39,2.38,2.39,2.38,2000
1452466800,2.37,2.38,2.38,2.37,3011
1452553200,2.39,2.39,2.39,2.39,1000
1452639600,2.41,2.4,2.43,2.4,3322
1452726000,2.37,2.39,2.39,2.37,2800
1452812400,2.39,2.38,2.39,2.38,2123
1453071600,2.4,2.4,2.4,2.39,3172
1453158000,2.41,2.41,2.42,2.41,2501
1453244400,2.39,2.43,2.44,2.39,3300
1453330800,0,2.43,2.43,2.43,0
1453417200,2.43,2.47,2.47,2.43,3284
1453676400,0,2.47,2.47,2.47,0
1453762800,0,2.47,2.47,2.47,0
1453849200,2.48,2.48,2.48,2.48,540
1453935600,0,2.48,2.48,2.48,0
1454022000,0,2.48,2.48,2.48,0
1454281200,0,2.48,2.48,2.48,0
1454367600,2.48,2.48,2.48,2.48,460
1454454000,0,2.48,2.48,2.48,0
1454540400,0,2.48,2.48,2.48,0
1454626800,2.46,2.46,2.46,2.46,1000
1454886000,2.45,2.42,2.45,2.42,2143
1454972400,2.49,2.45,2.49,2.42,2965
1455058800,2.43,2.44,2.44,2.41,4000
1455145200,2.46,2.46,2.46,2.46,1000
1455231600,2.43,2.47,2.47,2.43,2507
1455490800,2.49,2.47,2.5,2.47,1627
1455577200,2.5,2.5,2.5,2.49,1905
1455663600,2.51,2.51,2.51,2.51,889
1455750000,2.47,2.47,2.47,2.45,2910
1455836400,2.5,2.5,2.5,2.5,1017
1456095600,2.48,2.48,2.48,2.48,1000
1456182000,0,2.48,2.48,2.48,0
1456268400,2.5,2.49,2.5,2.49,2421
1456354800,0,2.49,2.49,2.49,0
1456441200,0,2.49,2.49,2.49,0
1456700400,2.47,2.5,2.5,2.47,1937
1456786800,2.48,2.48,2.48,2.47,2230
1456873200,0,2.48,2.48,2.48,0
1456959600,2.48,2.51,2.51,2.48,2773
1457046000,2.48,2.49,2.49,2.47,3204
1457305200,2.48,2.48,2.48,2.48,936
1457391600,2.5,2.5,2.5,2.47,2168
1457478000,0,2.5,2.5,2.5,0
1457564400,2.51,2.49,2.51,2.49,1743
1457650800,2.49,2.48,2.49,2.48,2100
1457910000,0,2.48,2.48,2.48,0
1457996400,2.51,2.53,2.53,2.51,2459
1458082800,2.54,2.53,2.54,2.48,2251
1458169200,2.51,2.53,2.53,2.49,2642
1458255600,0,2.53,2.53,2.53,0
1458514800,2.55,2.54,2.55,2.54,1952
1458601200,2.53,2.53,2.53,2.53,389
1458687600,2.54,2.54,2.54,2.53,2251
1458774000,2.53,2.53,2.53,2.53,77
1459202400,2.53,2.54,2.55,2.53,3222
1459288800,2.49,2.51,2.51,2.49,2329
1459375200,2.53,2.53,2.53,2.53,1315
1459461600,0,2.53,2.53,2.53,0
1459720800,2.52,2.51,2.52,2.51,1815
1459807200,2.54,2.53,2.55,2.53,2094
1459893600,0,2.53,2.53,2.53,0
1459980000,2.5,2.48,2.5,2.48,1916
1460066400,2.48,2.48,2.48,2.46,1946
1460325600,0,2.48,2.48,2.48,0
1460412000,2.46,2.46,2.46,2.46,1000
1460498400,2.42,2.42,2.42,2.42,1
1460584800,2.46,2.5,2.5,2.46,2055
1460671200,0,2.5,2.5,2.5,0
1460930400,2.48,2.48,2.48,2.48,10
1461016800,2.45,2.48,2.48,2.45,1958
1461103200,2.5,2.5,2.5,2.5,963
1461189600,0,2.5,2.5,2.5,0
1461276000,0,2.5,2.5,2.5,0
1461535200,2.46,2.45,2.46,2.45,1599
1461621600,2.48,2.49,2.49,2.48,1451
1461708000,0,2.49,2.49,2.49,0
1461794400,2.49,2.5,2.5,2.49,1351
1461880800,2.45,2.46,2.46,2.43,2305
1462140000,0,2.46,2.46,2.46,0
1462312800,2.45,2.45,2.45,2.45,943
1462399200,0,2.45,2.45,2.45,0
1462485600,2.45,2.45,2.45,2.45,629
1462744800,2.43,2.45,2.45,2.42,2038
1462831200,0,2.45,2.45,2.45,0
1462917600,0,2.45,2.45,2.45,0
1463004000,0,2.45,2.45,2.45,0
1463090400,0,2.45,2.45,2.45,0
1463349600,2.43,2.42,2.43,2.42,1954
1463436000,2.42,2.45,2.45,2.42,3298
1463522400,0,2.45,2.45,2.45,0
1463608800,2.43,2.45,2.45,2.43,2514
1463695200,2.45,2.46,2.46,2.45,1631
1463954400,0,2.46,2.46,2.46,0
1464040800,2.45,2.45,2.45,2.45,1
1464127200,2.45,2.45,2.45,2.45,398
1464300000,0,2.45,2.45,2.45,0
1464559200,2.43,2.44,2.44,2.43,2360
1464645600,2.42,2.46,2.46,2.42,1952
1464732000,2.46,2.48,2.48,2.46,1052
1464818400,0,2.48,2.48,2.48,0
1464904800,0,2.48,2.48,2.48,0
1465164000,2.5,2.51,2.51,2.5,693
1465250400,0,2.51,2.51,2.51,0
1465336800,2.42,2.45,2.45,2.4,1675
1465423200,0,2.45,2.45,2.45,0
1465509600,0,2.45,2.45,2.45,0
1465768800,0,2.45,2.45,2.45,0
1465855200,0,2.45,2.45,2.45,0
1465941600,2.4,2.42,2.42,2.4,3855
1466028000,2.42,2.43,2.43,2.42,1013
1466114400,2.4,2.43,2.43,2.39,2054
1466373600,2.42,2.43,2.43,2.42,1167
1466460000,2.4,2.42,2.43,2.4,833
1466546400,2.4,2.42,2.43,2.4,985
1466632800,0,2.42,2.42,2.42,0
1466719200,0,2.42,2.42,2.42,0
1466978400,0,2.42,2.42,2.42,0
1467064800,0,2.42,2.42,2.42,0
1467151200,0,2.42,2.42,2.42,0
1467237600,0,2.42,2.42,2.42,0
1467324000,0,2.42,2.42,2.42,0
1467583200,0,2.42,2.42,2.42,0
1467669600,2.44,2.45,2.45,2.44,510
1467756000,2.45,2.45,2.45,2.45,500
1467842400,2.45,2.44,2.45,2.44,450
1467928800,2.46,2.46,2.46,2.46,600
1468188000,2.45,2.45,2.46,2.45,2438
1468274400,2.45,2.45,2.45,2.45,592
1468360800,0,2.45,2.45,2.45,0
1468447200,0,2.45,2.45,2.45,0
1468533600,0,2.45,2.45,2.45,0
1468792800,2.46,2.46,2.46,2.46,1306
1468879200,2.45,2.45,2.45,2.45,1999
1468965600,0,2.45,2.45,2.45,0
1469052000,0,2.45,2.45,2.45,0
1469138400,2.46,2.46,2.46,2.46,1400
1469397600,2.45,2.45,2.45,2.45,588
1469484000,2.47,2.47,2.47,2.46,1597
1469570400,0,2.47,2.47,2.47,0
1469656800,2.46,2.46,2.46,2.46,581
1469743200,0,2.46,2.46,2.46,0
1470002400,2.47,2.45,2.47,2.45,1729
1470088800,2.45,2.45,2.45,2.45,474
1470175200,0,2.45,2.45,2.45,0
1470261600,2.47,2.48,2.48,2.47,1476
1470348000,0,2.48,2.48,2.48,0
1470607200,0,2.48,2.48,2.48,0
1470693600,2.42,2.45,2.45,2.42,1215
1470780000,2.48,2.48,2.48,2.48,656
1470866400,0,2.48,2.48,2.48,0
1470952800,0,2.48,2.48,2.48,0
1471298400,2.42,2.46,2.46,2.42,2223
1471384800,2.48,2.45,2.48,2.45,1529
1471471200,2.43,2.43,2.43,2.41,2778
1471557600,2.43,2.43,2.43,2.43,879
1471816800,0,2.43,2.43,2.43,0
1471903200,2.43,2.43,2.43,2.43,500
1471989600,0,2.43,2.43,2.43,0
1472076000,0,2.43,2.43,2.43,0
1472162400,0,2.43,2.43,2.43,0
1472421600,2.43,2.43,2.43,2.43,800
1472508000,2.43,2.43,2.43,2.43,5
1472594400,0,2.43,2.43,2.43,0
1472680800,2.43,2.43,2.43,2.43,100
1472767200,0,2.43,2.43,2.43,0
1473026400,0,2.43,2.43,2.43,0
1473112800,0,2.43,2.43,2.43,0
1473199200,2.41,2.43,2.43,2.41,1786
1473285600,2.41,2.41,2.41,2.41,685
1473372000,2.43,2.43,2.43,2.43,795
1473631200,2.41,2.41,2.41,2.41,1620
1473717600,2.4,2.43,2.43,2.39,2065
1473804000,2.55,3.5,3.5,2.55,7297
1473890400,3.4,3.48,3.5,3.4,2022
1473976800,3.5,3.57,3.63,3.42,1718
1474236000,3.56,3.66,3.66,3.55,1836
1474322400,3.8,3.61,3.8,3.61,1860
1474408800,3.61,3.7,3.7,3.61,633
1474495200,0,3.7,3.7,3.7,0
1474581600,0,3.7,3.7,3.7,0
1474840800,3.6,3.65,3.65,3.6,1847
1474927200,3.6,3.64,3.64,3.6,2680
1475013600,3.61,3.64,3.64,3.6,844
1475100000,0,3.64,3.64,3.64,0
1475186400,3.75,3.7,3.75,3.63,1401
1475445600,3.63,3.7,3.7,3.63,1780
1475532000,3.63,3.62,3.63,3.62,1338
1475618400,3.7,3.75,3.75,3.7,1579
1475704800,3.65,3.65,3.65,3.65,87
1475791200,3.65,3.65,3.65,3.65,1368
1476050400,3.62,3.62,3.62,3.62,1650
1476136800,0,3.62,3.62,3.62,0
1476223200,3.65,3.7,3.7,3.65,1213
1476309600,0,3.7,3.7,3.7,0
1476396000,3.7,3.65,3.7,3.65,1211
1476655200,3.65,3.65,3.65,3.65,500
1476741600,3.63,3.63,3.63,3.63,1937
1476828000,3.65,3.75,3.75,3.65,1277
1476914400,0,3.75,3.75,3.75,0
1477000800,3.75,3.68,3.75,3.65,1758
1477260000,0,3.68,3.68,3.68,0
1477346400,3.65,3.68,3.68,3.65,4683
1477432800,3.65,3.76,3.76,3.63,1870
1477519200,0,3.76,3.76,3.76,0
1477605600,3.63,3.65,3.65,3.63,3627
1477868400,3.63,3.66,3.66,3.58,3444
1478041200,3.76,3.81,3.81,3.76,1521
1478127600,3.92,3.78,3.92,3.78,1828
1478214000,3.7,3.82,3.82,3.69,5940
1478473200,3.65,3.7,3.7,3.65,2745
1478559600,3.65,3.7,3.7,3.54,4618
1478646000,3.7,3.7,3.7,3.61,4521
1478732400,3.61,3.61,3.61,3.61,2167
1479078000,3.61,3.71,3.71,3.61,3409
1479164400,3.71,3.71,3.71,3.71,1482
1479250800,3.61,3.71,3.71,3.6,3584
1479337200,3.71,3.71,3.71,3.6,4656
1479423600,3.6,3.71,3.71,3.6,1757
1479682800,3.55,3.83,3.85,3.54,1580
1479769200,0,3.83,3.83,3.83,0
1479855600,3.7,3.7,3.7,3.6,1260
1479942000,0,3.7,3.7,3.7,0
1480028400,3.6,3.6,3.6,3.6,2943
1480287600,3.6,3.7,3.7,3.6,3159
1480374000,3.6,3.7,3.7,3.6,2046
1480460400,3.6,3.72,3.72,3.6,2440
1480546800,3.54,3.85,3.85,3.5,2018
1480633200,3.85,3.79,3.85,3.79,700
1480892400,3.5,3.85,3.85,3.5,2125
1480978800,0,3.85,3.85,3.85,0
1481065200,3.7,3.8,3.8,3.7,2270
1481151600,0,3.8,3.8,3.8,0
1481238000,0,3.8,3.8,3.8,0
1481497200,3.7,4.07,4.07,3.7,6944
1481583600,4.46,4.32,4.75,3.9,1959
1481670000,4,4.83,4.83,3.9,9125
1481756400,5.29,5.8,5.8,5.29,349
1481842800,6,6,6,6,1
1482102000,5.9,6.19,6.48,5.9,3696
1482188400,6.19,6.19,6.19,5.7,1294
1482274800,0,6.19,6.19,6.19,0
1482361200,5.7,5.6,5.7,5.5,1528
1482447600,5.5,5.4,5.5,5.4,1531
1482793200,5.4,5.11,5.4,5.11,3612
1482879600,5,5.39,5.39,5,15143
1482966000,5.39,5.39,5.4,5.18,836
1483052400,0,5.39,5.39,5.39,0
1483311600,5.41,5.3,5.41,5.3,1999
1483398000,5.1,5.1,5.1,5.1,2846
1483484400,0,5.1,5.1,5.1,0
1483570800,5.1,5.3,5.3,5.1,1843
1483916400,5.2,5.38,5.38,5.2,1878
1484002800,5.34,5.35,5.35,5.34,1640
1484089200,5.35,5.39,5.39,5.35,1382
1484175600,5.39,5.39,5.39,5.39,100
1484262000,5.39,5.49,5.49,5.3,2803
1484521200,5.3,5.31,5.31,5.3,944
1484607600,5.49,5.49,5.49,5.49,619
1484694000,5.3,5.49,5.49,5.3,1818
1484780400,5.49,5.31,5.49,5.31,124
1484866800,5.4,5.4,5.4,5.4,669
1485126000,0,5.4,5.4,5.4,0
1485212400,5.49,5.4,5.5,5.4,1269
1485298800,5.4,5.4,5.4,5.4,500
1485385200,5.25,5.25,5.25,5.25,100
1485471600,0,5.25,5.25,5.25,0
1485730800,5.25,5.5,5.5,5.2,2727
1485817200,5.31,5.45,5.45,5.31,2518
1485903600,5.5,5.5,5.6,5.5,1746
1485990000,5.49,5.49,5.49,5.49,2100
1486076400,5.6,5.6,5.6,5.6,280
1486335600,5.6,5.6,5.6,5.6,1775
1486422000,5.5,5.5,5.5,5.5,1602
1486508400,5.4,5.5,5.5,5.31,2917
1486594800,5.5,5.1,5.5,5.1,2077
1486681200,5.2,5.2,5.2,5.2,18
1486940400,0,5.2,5.2,5.2,0
1487026800,5.3,5.3,5.3,5.3,1221
1487113200,5.3,5.3,5.3,5.3,1
1487199600,0,5.3,5.3,5.3,0
1487286000,5.5,5.5,5.5,5.5,439
1487545200,0,5.5,5.5,5.5,0
1487631600,0,5.5,5.5,5.5,0
1487718000,5.35,5.35,5.5,5.35,1706
1487804400,5.3,5.3,5.3,5.3,186
1487890800,5.3,5.5,5.5,5.3,1521
1488150000,5.5,5.5,5.5,5.5,573
1488236400,5.5,5.5,5.5,5.5,952
1488322800,0,5.5,5.5,5.5,0
1488409200,5.35,5.35,5.35,5.35,1455
1488495600,0,5.35,5.35,5.35,0
1488754800,0,5.35,5.35,5.35,0
1488841200,5.35,5.5,5.5,5.35,1394
1488927600,0,5.5,5.5,5.5,0
1489014000,0,5.5,5.5,5.5,0
1489100400,5.38,5.38,5.38,5.38,1500
1489359600,5.39,5.39,5.39,5.39,406
1489446000,5.39,5.39,5.39,5.39,1594
1489532400,0,5.39,5.39,5.39,0
1489618800,5.43,5.75,6.34,5.43,7427
1489705200,5.5,5.74,5.75,5.5,2891
1489964400,5.5,5.5,5.5,5.5,862
1490050800,0,5.5,5.5,5.5,0
1490137200,5.5,5.74,5.74,5.5,1483
1490223600,5.75,5.75,5.75,5.75,100
1490310000,5.5,5.5,5.5,5.5,1000
1490565600,5.74,5.7,5.74,5.7,1037
1490652000,0,5.7,5.7,5.7,0
1490738400,5.79,5.79,5.79,5.79,2689
1490824800,5.79,5.79,5.79,5.79,892
1490911200,5.79,5.8,5.8,5.79,2486
1491170400,5.61,5.79,5.79,5.61,1501
1491256800,0,5.79,5.79,5.79,0
1491343200,5.65,5.79,5.79,5.65,2001
1491429600,5.6,5.8,5.8,5.6,1501
1491516000,5.55,5.79,5.79,5.5,2502
1491775200,0,5.79,5.79,5.79,0
1491861600,0,5.79,5.79,5.79,0
1491948000,0,5.79,5.79,5.79,0
1492034400,0,5.79,5.79,5.79,0
1492466400,5.84,5.6,5.84,5.6,90
1492552800,5.6,5.6,5.6,5.6,1000
1492639200,5.6,5.5,5.6,5.5,1000
1492725600,0,5.5,5.5,5.5,0
1492984800,5.5,5.6,5.6,5.5,1741
1493071200,5.4,5.4,5.4,5.4,2000
1493157600,5.25,5.5,5.5,5.25,150
1493244000,5.5,5.5,5.5,5.5,867
1493330400,5.5,5.6,5.6,5.5,746
1493676000,5.5,5.5,5.5,5.5,394
1493848800,0,5.5,5.5,5.5,0
1493935200,5.49,5.59,5.59,5.49,987
1494194400,5.5,5.5,5.5,5.5,481
1494280800,0,5.5,5.5,5.5,0
1494367200,5.5,5.5,5.5,5.5,281
1494453600,5.5,5.59,5.59,5.5,239
1494540000,0,5.59,5.59,5.59,0
1494799200,5.59,5.59,5.59,5.59,193
1494885600,0,5.59,5.59,5.59,0
1494972000,0,5.59,5.59,5.59,0
1495058400,5.45,5.45,5.45,5.45,1460
1495144800,0,5.45,5.45,5.45,0
1495404000,5.5,5.5,5.5,5.5,151
1495490400,0,5.5,5.5,5.5,0
1495576800,0,5.5,5.5,5.5,0
1495663200,0,5.5,5.5,5.5,0
1495749600,0,5.5,5.5,5.5,0
1496008800,5.5,5.5,5.5,5.5,849
1496095200,0,5.5,5.5,5.5,0
1496181600,5.75,5.75,5.75,5.75,1168
1496268000,0,5.75,5.75,5.75,0
1496354400,0,5.75,5.75,5.75,0
1496613600,0,5.75,5.75,5.75,0
1496700000,5.5,5.5,5.5,5.5,131
1496786400,0,5.5,5.5,5.5,0
1496872800,5.5,5.5,5.5,5.5,102
1496959200,5.5,5.5,5.5,5.5,125
1497218400,5.5,5.5,5.5,5.5,77
1497304800,0,5.5,5.5,5.5,0
1497391200,0,5.5,5.5,5.5,0
1497564000,0,5.5,5.5,5.5,0
1497823200,5.45,5.45,5.45,5.45,50
1497909600,5.75,5.75,5.75,5.75,27
1497996000,0,5.75,5.75,5.75,0
1498082400,0,5.75,5.75,5.75,0
1498168800,5.75,5.8,5.8,5.75,253
1498428000,5.55,5.45,5.55,5.45,849
1498514400,5.46,5.75,5.75,5.46,345
1498600800,0,5.75,5.75,5.75,0
1498687200,0,5.69,5.69,5.69,0
1498773600,5.74,5.5,5.74,5.5,355
1499032800,0,5.5,5.5,5.5,0
1499119200,0,5.5,5.5,5.5,0
1499205600,0,5.5,5.5,5.5,0
1499292000,0,5.5,5.5,5.5,0
1499378400,0,5.5,5.5,5.5,0
1499637600,0,5.5,5.5,5.5,0
1499724000,0,5.5,5.5,5.5,0
1499810400,5.49,5.5,5.5,4.95,104
1499896800,0,5.5,5.5,5.5,0
1499983200,5.35,4.82,5.35,4.82,100
1500242400,5.3,5,5.3,5,98
1500328800,0,5,5,5,0
1500415200,5,5,5,5,4
1500501600,0,5,5,5,0
1500588000,0,5,5,5,0
1500847200,0,5,5,5,0
1500933600,0,5,5,5,0
1501020000,0,5,5,5,0
1501106400,5,5.15,5.15,5,2078
1501192800,0,5.15,5.15,5.15,0
1501452000,0,5.15,5.15,5.15,0
1501538400,5,5,5,5,429
1501624800,0,5,5,5,0
1501711200,5.1,5,5.1,4.9,2180
1501797600,4.8,5,5,4.8,2261
1502056800,0,5,5,5,0
1502143200,0,5,5,5,0
1502229600,4.8,5,5,4.8,3632
1502316000,0,5,5,5,0
1502402400,5,5,5,4.8,1405
1502661600,0,5,5,5,0
1502834400,0,5,5,5,0
1502920800,0,5,5,5,0
1503007200,4.75,4.85,4.85,4.75,1850
1503266400,4.85,4.85,4.85,4.85,571
1503352800,4.75,4.75,4.75,4.75,133
1503439200,0,4.75,4.75,4.75,0
1503525600,4.75,4.75,4.75,4.75,1327
1503612000,4.75,4.85,4.85,4.75,1011
1503871200,0,4.85,4.85,4.85,0
1503957600,0,4.85,4.85,4.85,0
1504044000,4.85,4.85,4.85,4.85,471
1504130400,0,4.85,4.85,4.85,0
1504216800,0,4.85,4.85,4.85,0
1504476000,0,4.85,4.85,4.85,0
1504562400,4.5,4.7,4.7,4.5,2095
1504648800,0,4.7,4.7,4.7,0
1504735200,0,4.7,4.7,4.7,0
1504821600,0,4.7,4.7,4.7,0
1505080800,0,4.7,4.7,4.7,0
1505167200,0,4.7,4.7,4.7,0
1505253600,0,4.7,4.7,4.7,0
1505340000,0,4.7,4.7,4.7,0
1505426400,0,4.7,4.7,4.7,0
1505685600,0,4.7,4.7,4.7,0
1505772000,4.3,4.5,4.5,4.3,3535
1505858400,4.5,4.5,4.5,4.5,325
1505944800,4.5,4.5,4.5,4.5,1
1506031200,4.3,4.5,4.5,4.3,2210
1506290400,0,4.5,4.5,4.5,0
1506376800,0,4.5,4.5,4.5,0
1506463200,0,4.5,4.5,4.5,0
1506549600,0,4.5,4.5,4.5,0
1506636000,0,4.5,4.5,4.5,0
1506895200,4.2,4.2,4.2,4.2,728
1506981600,0,4.2,4.2,4.2,0
1507068000,0,4.2,4.2,4.2,0
1507154400,0,4.2,4.2,4.2,0
1507240800,0,4.2,4.2,4.2,0
1507500000,0,4.2,4.2,4.2,0
1507586400,0,4.2,4.2,4.2,0
1507672800,3.9,4.09,4.09,3.9,2707
1507759200,0,4.09,4.09,4.09,0
1507845600,0,4.09,4.09,4.09,0
1508104800,4.11,4.12,4.12,4.11,650
1508191200,0,4.12,4.12,4.12,0
1508277600,0,4.12,4.12,4.12,0
1508364000,4.09,4.2,4.2,4.09,1922
1508450400,0,4.2,4.2,4.2,0
1508709600,4.2,4.2,4.2,4.2,1238
1508796000,0,4.2,4.2,4.2,0
1508882400,0,4.2,4.2,4.2,0
1508968800,4.04,4.04,4.04,4.04,1744
1509055200,4.14,4.2,4.2,4.14,1050
1509318000,4.25,4.25,4.25,4.25,606
1509404400,0,4.25,4.25,4.25,0
1509577200,4.15,4.15,4.15,4.15,1925
1509663600,0,4.15,4.15,4.15,0
1509922800,4.18,4.18,4.18,4.18,650
1510009200,0,4.18,4.18,4.18,0
1510095600,0,4.18,4.18,4.18,0
1510182000,4.2,4.2,4.2,4.2,545
1510268400,0,4.2,4.2,4.2,0
1510527600,4.09,4.27,4.27,4.09,2315
1510614000,0,4.27,4.27,4.27,0
1510700400,0,4.27,4.27,4.27,0
1510786800,0,4.27,4.27,4.27,0
1510873200,4.19,4.19,4.19,4.19,200
1511132400,4.19,4.19,4.19,4.19,444
1511218800,0,4.19,4.19,4.19,0
1511305200,0,4.19,4.19,4.19,0
1511391600,0,4.19,4.19,4.19,0
1511478000,4.25,4.25,4.25,4.25,822
1511737200,0,4.25,4.25,4.25,0
1511823600,0,4.25,4.25,4.25,0
1511910000,4.1,4.1,4.1,4.1,3675
1511996400,4.08,4.1,4.14,3.95,5600
1512082800,0,4.1,4.1,4.1,0
1512342000,0,4.1,4.1,4.1,0
1512428400,0,4.1,4.1,4.1,0
1512514800,0,4.1,4.1,4.1,0
1512601200,3.94,4,4,3.94,2973
1512687600,4.07,4.07,4.07,4.07,750
1512946800,4.2,4.2,4.2,4.2,1588
1513033200,0,4.2,4.2,4.2,0
1513119600,0,4.2,4.2,4.2,0
1513206000,4.02,4.2,4.2,4.02,2043
1513292400,0,4.2,4.2,4.2,0
1513551600,0,4.2,4.2,4.2,0
1513638000,4,4.19,4.19,4,1983
1513724400,0,4.19,4.19,4.19,0
1513810800,4.03,4.02,4.03,3.86,2301
1513897200,0,4.02,4.02,4.02,0
1514329200,3.83,4.02,4.02,3.83,2100
1514415600,0,4.02,4.02,4.02,0
1514502000,4.02,4.02,4.02,4.02,450
1514934000,4.05,4.05,4.05,4.05,100
1515020400,4.05,4.05,4.05,4.05,1800
1515106800,4,3.85,4,3.85,4500
1515366000,3.9,4.05,4.05,3.9,2055
1515452400,3.86,4.05,4.05,3.86,1970
1515538800,3.96,4,4.08,3.82,5969
1515625200,3.9,3.9,3.9,3.9,299
1515711600,3.9,3.98,3.98,3.8,3052
1515970800,3.77,3.95,3.95,3.77,2166
1516057200,0,3.95,3.95,3.95,0
1516143600,0,3.95,3.95,3.95,0
1516230000,0,3.95,3.95,3.95,0
1516316400,0,3.95,3.95,3.95,0
1516575600,0,3.95,3.95,3.95,0
1516662000,0,3.95,3.95,3.95,0
1516748400,3.85,3.85,3.85,3.67,3232
1516834800,0,3.85,3.85,3.85,0
1516921200,0,3.85,3.85,3.85,0
1517180400,3.71,3.75,3.81,3.63,2471
1517266800,0,3.75,3.75,3.75,0
1517353200,3.58,3.75,3.75,3.58,2228
1517439600,0,3.75,3.75,3.75,0
1517526000,0,3.75,3.75,3.75,0
1517785200,3.58,3.6,3.6,3.58,1475
1517871600,3.6,3.6,3.6,3.6,200
1517958000,0,3.6,3.6,3.6,0
1518044400,0,3.6,3.6,3.6,0
1518130800,3.52,3.6,3.6,3.5,2989
1518390000,3.5,3.71,3.71,3.5,720
1518476400,0,3.71,3.71,3.71,0
1518562800,0,3.71,3.71,3.71,0
1518649200,0,3.71,3.71,3.71,0
1518735600,3.71,3.71,3.71,3.71,155
1518994800,3.56,3.71,3.71,3.56,1910
1519081200,0,3.71,3.71,3.71,0
1519167600,0,3.71,3.71,3.71,0
1519254000,3.68,3.68,3.68,3.68,388
1519340400,0,3.68,3.68,3.68,0
1519599600,3.53,3.68,3.68,3.53,2325
1519686000,0,3.68,3.68,3.68,0
1519772400,0,3.68,3.68,3.68,0
1519858800,0,3.68,3.68,3.68,0
1519945200,0,3.68,3.68,3.68,0
1520204400,0,3.68,3.68,3.68,0
1520290800,0,3.68,3.68,3.68,0
1520377200,0,3.68,3.68,3.68,0
1520463600,0,3.68,3.68,3.68,0
1520550000,0,3.68,3.68,3.68,0
1520809200,0,3.68,3.68,3.68,0
1520895600,0,3.68,3.68,3.68,0
1520982000,0,3.68,3.68,3.68,0
1521068400,0,3.68,3.68,3.68,0
1521154800,0,3.68,3.68,3.68,0
1521414000,0,3.68,3.68,3.68,0
1521500400,0,3.68,3.68,3.68,0
1521586800,0,3.68,3.68,3.68,0
1521673200,0,3.68,3.68,3.68,0
1521759600,0,3.68,3.68,3.68,0
1522015200,0,3.68,3.68,3.68,0
1522101600,0,3.68,3.68,3.68,0
1522188000,0,3.68,3.68,3.68,0
1522274400,0,3.68,3.68,3.68,0
1522706400,0,3.68,3.68,3.68,0
1522792800,0,3.68,3.68,3.68,0
1522879200,0,3.68,3.68,3.68,0
1522965600,0,3.68,3.68,3.68,0
1523224800,0,3.68,3.68,3.68,0
1523311200,0,3.68,3.68,3.68,0
1523397600,0,3.68,3.68,3.68,0
1523484000,0,3.68,3.68,3.68,0
1523570400,0,3.68,3.68,3.68,0
1523829600,0,3.68,3.68,3.68,0
1523916000,0,3.68,3.68,3.68,0
1524002400,0,3.68,3.68,3.68,0
1524088800,0,3.68,3.68,3.68,0
1524175200,0,3.68,3.68,3.68,0
1524434400,0,3.68,3.68,3.68,0
1524520800,0,3.68,3.68,3.68,0
1524607200,0,3.68,3.68,3.68,0
1524693600,0,3.68,3.68,3.68,0
1524780000,0,3.68,3.68,3.68,0
1525039200,0,3.68,3.68,3.68,0
1525212000,0,3.68,3.68,3.68,0
1525384800,0,3.68,3.68,3.68,0
1525644000,0,3.68,3.68,3.68,0
1525730400,0,3.68,3.68,3.68,0
1525816800,0,3.68,3.68,3.68,0
1525903200,0,3.68,3.68,3.68,0
1525989600,0,3.68,3.68,3.68,0
1526248800,0,3.68,3.68,3.68,0
1526335200,0,3.68,3.68,3.68,0
1526421600,0,3.68,3.68,3.68,0
1526508000,0,3.68,3.68,3.68,0
1526594400,0,3.68,3.68,3.68,0
1526853600,0,3.68,3.68,3.68,0
1526940000,0,3.68,3.68,3.68,0
1527026400,0,3.68,3.68,3.68,0
1527112800,0,3.68,3.68,3.68,0
1527199200,0,3.68,3.68,3.68,0
1527458400,0,3.68,3.68,3.68,0
1527544800,0,3.68,3.68,3.68,0
1527631200,0,3.68,3.68,3.68,0
1527804000,3.58,3.58,3.58,3.58,1500
1528063200,0,3.58,3.58,3.58,0
1528149600,0,3.58,3.58,3.58,0
1528236000,0,3.58,3.58,3.58,0
1528322400,0,3.58,3.58,3.58,0
1528408800,0,3.58,3.58,3.58,0
1528668000,0,3.58,3.58,3.58,0
1528754400,0,3.58,3.58,3.58,0
1528840800,0,3.58,3.58,3.58,0
1528927200,0,3.58,3.58,3.58,0
1529013600,0,3.58,3.58,3.58,0
1529272800,0,3.58,3.58,3.58,0
1529359200,0,3.58,3.58,3.58,0
1529445600,0,3.58,3.58,3.58,0
1529532000,0,3.58,3.58,3.58,0
1529618400,0,3.58,3.58,3.58,0
1529877600,0,3.58,3.58,3.58,0
1529964000,0,3.58,3.58,3.58,0
1530050400,0,3.58,3.58,3.58,0
1530136800,0,3.58,3.58,3.58,0
1530223200,0,3.58,3.58,3.58,0
1530482400,0,3.58,3.58,3.58,0
1530568800,0,3.58,3.58,3.58,0
1530655200,0,3.58,3.58,3.58,0
1530741600,0,3.58,3.58,3.58,0
1530828000,0,3.58,3.58,3.58,0
1531087200,0,3.58,3.58,3.58,0
1531173600,0,3.58,3.58,3.58,0
1531260000,0,3.58,3.58,3.58,0
1531346400,0,3.58,3.58,3.58,0
1531432800,0,3.58,3.58,3.58,0
1531692000,0,3.58,3.58,3.58,0
1531778400,0,3.58,3.58,3.58,0
1531864800,0,3.58,3.58,3.58,0
1531951200,0,3.58,3.58,3.58,0
1532037600,0,3.58,3.58,3.58,0
1532296800,0,3.58,3.58,3.58,0
1532383200,0,3.58,3.58,3.58,0
1532469600,0,3.58,3.58,3.58,0
1532556000,0,3.58,3.58,3.58,0
1532642400,0,3.58,3.58,3.58,0
1532901600,0,3.58,3.58,3.58,0
1532988000,3.43,3.43,3.43,3.43,300
1533074400,0,3.43,3.43,3.43,0
1533160800,0,3.43,3.43,3.43,0
1533247200,0,3.43,3.43,3.43,0
1533506400,0,3.43,3.43,3.43,0
1533592800,0,3.43,3.43,3.43,0
1533679200,0,3.43,3.43,3.43,0
1533765600,0,3.43,3.43,3.43,0
1533852000,0,3.43,3.43,3.43,0
1534111200,0,3.43,3.43,3.43,0
1534197600,0,3.43,3.43,3.43,0
1534370400,3.43,3.43,3.43,3.43,17
1534456800,0,3.43,3.43,3.43,0
1534716000,0,3.43,3.43,3.43,0
1534802400,0,3.43,3.43,3.43,0
1534888800,0,3.43,3.43,3.43,0
1534975200,0,3.43,3.43,3.43,0
1535061600,0,3.43,3.43,3.43,0
1535320800,0,3.43,3.43,3.43,0
1535407200,0,3.43,3.43,3.43,0
1535493600,0,3.43,3.43,3.43,0
1535580000,0,3.43,3.43,3.43,0
1535666400,0,3.43,3.43,3.43,0
1535925600,0,3.43,3.43,3.43,0
1536012000,0,3.43,3.43,3.43,0
1536098400,0,3.43,3.43,3.43,0
1536184800,0,3.43,3.43,3.43,0
1536271200,0,3.43,3.43,3.43,0
1536530400,0,3.43,3.43,3.43,0
1536616800,0,3.43,3.43,3.43,0
1536703200,0,3.43,3.43,3.43,0
1536789600,0,3.43,3.43,3.43,0
1536876000,0,3.43,3.43,3.43,0
1537135200,0,3.43,3.43,3.43,0
1537221600,0,3.43,3.43,3.43,0
1537308000,3.6,3.6,3.6,3.6,21
1537394400,0,3.6,3.6,3.6,0
1537480800,3.6,3.6,3.6,3.6,2
1537740000,0,3.6,3.6,3.6,0
1537826400,0,3.6,3.6,3.6,0
1537912800,0,3.6,3.6,3.6,0
1537999200,0,3.6,3.6,3.6,0
1538085600,0,3.6,3.6,3.6,0
1538344800,0,3.6,3.6,3.6,0
1538431200,0,3.6,3.6,3.6,0
1538517600,0,3.6,3.6,3.6,0
1538604000,0,3.6,3.6,3.6,0
1538690400,0,3.6,3.6,3.6,0
1538949600,0,3.6,3.6,3.6,0
1539036000,3.6,3.6,3.6,3.6,291
1539122400,0,3.6,3.6,3.6,0
1539208800,0,3.6,3.6,3.6,0
1539295200,0,3.6,3.6,3.6,0
1539554400,0,3.6,3.6,3.6,0
1539640800,0,3.6,3.6,3.6,0
1539727200,0,3.6,3.6,3.6,0
1539813600,0,3.6,3.6,3.6,0
1539900000,0,3.6,3.6,3.6,0
1540159200,0,3.6,3.6,3.6,0
1540245600,0,3.6,3.6,3.6,0
1540332000,0,3.6,3.6,3.6,0
1540418400,0,3.6,3.6,3.6,0
1540504800,0,3.6,3.6,3.6,0
1540767600,0,3.6,3.6,3.6,0
1540854000,0,3.6,3.6,3.6,0
1540940400,0,3.6,3.6,3.6,0
1541113200,0,3.6,3.6,3.6,0
1541372400,0,3.6,3.6,3.6,0
1541458800,0,3.6,3.6,3.6,0
1541545200,0,3.6,3.6,3.6,0
1541631600,0,3.6,3.6,3.6,0
1541718000,0,3.6,3.6,3.6,0
1542063600,0,3.6,3.6,3.6,0
1542150000,0,3.6,3.6,3.6,0
1542236400,0,3.6,3.6,3.6,0
1542322800,0,3.6,3.6,3.6,0
1542582000,0,3.6,3.6,3.6,0
1542668400,0,3.6,3.6,3.6,0
1542754800,0,3.6,3.6,3.6,0
1542841200,0,3.6,3.6,3.6,0
1542927600,0,3.6,3.6,3.6,0
1543186800,0,3.6,3.6,3.6,0
1543273200,3.44,3.44,3.44,3.44,291
1543359600,0,3.44,3.44,3.44,0
1543446000,0,3.44,3.44,3.44,0
1543532400,0,3.44,3.44,3.44,0
1543791600,0,3.44,3.44,3.44,0
1543878000,0,3.44,3.44,3.44,0
1543964400,0,3.44,3.44,3.44,0
1544050800,0,3.44,3.44,3.44,0
1544137200,0,3.44,3.44,3.44,0
1544396400,0,3.44,3.44,3.44,0
1544482800,0,3.44,3.44,3.44,0
1544569200,0,3.44,3.44,3.44,0
1544655600,0,3.44,3.44,3.44,0
1544742000,0,3.44,3.44,3.44,0
1545001200,0,3.44,3.44,3.44,0
1545087600,0,3.44,3.44,3.44,0
1545174000,0,3.44,3.44,3.44,0
1545260400,0,3.44,3.44,3.44,0
1545346800,0,3.44,3.44,3.44,0
1545865200,0,3.44,3.44,3.44,0
1545951600,0,3.44,3.44,3.44,0
1546383600,0,3.44,3.44,3.44,0
1546470000,0,3.44,3.44,3.44,0
1546556400,0,3.44,3.44,3.44,0
1546815600,0,3.44,3.44,3.44,0
1546902000,0,3.44,3.44,3.44,0
1546988400,0,3.44,3.44,3.44,0
1547074800,0,3.44,3.44,3.44,0
1547161200,0,3.44,3.44,3.44,0
1547420400,0,3.44,3.44,3.44,0
1547506800,0,3.44,3.44,3.44,0
1547593200,0,3.44,3.44,3.44,0
1547679600,0,3.44,3.44,3.44,0
1547766000,0,3.44,3.44,3.44,0
1548025200,0,3.44,3.44,3.44,0
1548111600,0,3.44,3.44,3.44,0
1548198000,0,3.44,3.44,3.44,0
1548284400,0,3.44,3.44,3.44,0
1548370800,0,3.44,3.44,3.44,0
1548630000,3.39,3.4,3.72,3.39,8404
1548716400,0,3.4,3.4,3.4,0
1548802800,0,3.4,3.4,3.4,0
1548889200,0,3.4,3.4,3.4,0
1548975600,0,3.4,3.4,3.4,0
1549234800,0,3.4,3.4,3.4,0
1549321200,0,3.4,3.4,3.4,0
1549407600,0,3.4,3.4,3.4,0
1549494000,0,3.4,3.4,3.4,0
1549580400,0,3.4,3.4,3.4,0
1549839600,0,3.4,3.4,3.4,0
1549926000,0,3.4,3.4,3.4,0
1550012400,0,3.4,3.4,3.4,0
1550098800,0,3.4,3.4,3.4,0
1550185200,3.35,3.3,3.35,3.3,752
1550444400,0,3.3,3.3,3.3,0
1550530800,0,3.3,3.3,3.3,0
1550617200,0,3.3,3.3,3.3,0
1550703600,0,3.3,3.3,3.3,0
1550790000,0,3.3,3.3,3.3,0
1551049200,0,3.3,3.3,3.3,0
1551135600,0,3.3,3.3,3.3,0
1551222000,0,3.3,3.3,3.3,0
1551308400,0,3.3,3.3,3.3,0
1551394800,0,3.3,3.3,3.3,0
1551654000,0,3.3,3.3,3.3,0
1551740400,0,3.3,3.3,3.3,0
1551826800,0,3.3,3.3,3.3,0
1551913200,0,3.3,3.3,3.3,0
1551999600,0,3.3,3.3,3.3,0
1552258800,0,3.3,3.3,3.3,0
1552345200,0,3.3,3.3,3.3,0
1552431600,0,3.3,3.3,3.3,0
1552518000,0,3.3,3.3,3.3,0
1552604400,0,3.3,3.3,3.3,0
1552863600,0,3.3,3.3,3.3,0
1552950000,0,3.3,3.3,3.3,0
1553036400,0,3.3,3.3,3.3,0
1553122800,0,3.3,3.3,3.3,0
1553209200,0,3.3,3.3,3.3,0
1553468400,0,3.3,3.3,3.3,0
1553554800,0,3.3,3.3,3.3,0
1553641200,0,3.3,3.3,3.3,0
1553727600,0,3.3,3.3,3.3,0
1553814000,0,3.3,3.3,3.3,0
1554069600,0,3.3,3.3,3.3,0
1554156000,0,3.3,3.3,3.3,0
1554242400,0,3.3,3.3,3.3,0
1554328800,0,3.3,3.3,3.3,0
1554415200,0,3.3,3.3,3.3,0
1554674400,0,3.3,3.3,3.3,0
1554760800,0,3.3,3.3,3.3,0
1554847200,0,3.3,3.3,3.3,0
1554933600,0,3.3,3.3,3.3,0
1555020000,0,3.3,3.3,3.3,0
1555279200,0,3.3,3.3,3.3,0
1555365600,3.3,3.3,3.3,3.3,13
1555452000,3.16,3.16,3.16,3.16,13
1555538400,0,3.16,3.16,3.16,0
1555970400,0,3.16,3.16,3.16,0
1556056800,0,3.16,3.16,3.16,0
1556143200,0,3.16,3.16,3.16,0
1556229600,0,3.16,3.16,3.16,0
1556488800,0,3.16,3.16,3.16,0
1556575200,3.3,3.3,3.3,3.3,1
1556748000,0,3.3,3.3,3.3,0
1557093600,0,3.3,3.3,3.3,0
1557180000,0,3.3,3.3,3.3,0
1557266400,0,3.3,3.3,3.3,0
1557352800,0,3.3,3.3,3.3,0
1557439200,0,3.3,3.3,3.3,0
1557698400,0,3.3,3.3,3.3,0
1557784800,0,3.3,3.3,3.3,0
1557871200,0,3.3,3.3,3.3,0
1557957600,0,3.3,3.3,3.3,0
1558044000,0,3.3,3.3,3.3,0
1558303200,0,3.3,3.3,3.3,0
1558389600,0,3.3,3.3,3.3,0
1558476000,0,3.3,3.3,3.3,0
1558562400,0,3.3,3.3,3.3,0
1558648800,0,3.3,3.3,3.3,0
1558908000,0,3.3,3.3,3.3,0
1558994400,0,3.3,3.3,3.3,0
1559080800,0,3.3,3.3,3.3,0
1559167200,0,3.3,3.3,3.3,0
1559253600,0,3.3,3.3,3.3,0
1559512800,0,3.3,3.3,3.3,0
1559599200,0,3.3,3.3,3.3,0
1559685600,0,3.3,3.3,3.3,0
1559772000,0,3.3,3.3,3.3,0
1559858400,0,3.3,3.3,3.3,0
1560117600,0,3.3,3.3,3.3,0
1560204000,0,3.3,3.3,3.3,0
1560290400,0,3.3,3.3,3.3,0
1560376800,0,3.3,3.3,3.3,0
1560463200,0,3.3,3.3,3.3,0
1560722400,0,3.3,3.3,3.3,0
1560808800,0,3.3,3.3,3.3,0
1560895200,0,3.3,3.3,3.3,0
1561068000,0,3.3,3.3,3.3,0
1561327200,0,3.3,3.3,3.3,0
1561413600,0,3.3,3.3,3.3,0
1561500000,0,3.3,3.3,3.3,0
1561586400,0,3.3,3.3,3.3,0
1561672800,0,3.3,3.3,3.3,0
1561932000,0,3.3,3.3,3.3,0
1562018400,0,3.3,3.3,3.3,0
1562104800,0,3.3,3.3,3.3,0
1562191200,0,3.3,3.3,3.3,0
1562277600,0,3.3,3.3,3.3,0
1562536800,0,3.3,3.3,3.3,0
1562623200,0,3.3,3.3,3.3,0
1562709600,0,3.3,3.3,3.3,0
1562796000,0,3.3,3.3,3.3,0
1562882400,0,3.3,3.3,3.3,0
1563141600,0,3.3,3.3,3.3,0
1563228000,0,3.3,3.3,3.3,0
1563314400,0,3.3,3.3,3.3,0
1563400800,0,3.3,3.3,3.3,0
1563487200,0,3.3,3.3,3.3,0
1563746400,0,3.3,3.3,3.3,0
1563832800,0,3.3,3.3,3.3,0
1563919200,0,3.3,3.3,3.3,0
1564005600,0,3.3,3.3,3.3,0
1564092000,0,3.3,3.3,3.3,0
1564351200,0,3.3,3.3,3.3,0
1564437600,0,3.3,3.3,3.3,0
1564524000,0,3.3,3.3,3.3,0
1564610400,0,3.3,3.3,3.3,0
1564696800,0,3.3,3.3,3.3,0
1564956000,0,3.3,3.3,3.3,0
1565042400,0,3.3,3.3,3.3,0
1565128800,0,3.3,3.3,3.3,0
1565215200,0,3.3,3.3,3.3,0
1565301600,0,3.3,3.3,3.3,0
1565560800,0,3.3,3.3,3.3,0
1565647200,0,3.3,3.3,3.3,0
1565733600,0,3.3,3.3,3.3,0
1565906400,0,3.3,3.3,3.3,0
1566165600,0,3.3,3.3,3.3,0
1566252000,0,3.3,3.3,3.3,0
1566338400,0,3.3,3.3,3.3,0
1566424800,0,3.3,3.3,3.3,0
1566511200,0,3.3,3.3,3.3,0
1566770400,0,3.3,3.3,3.3,0
1566856800,0,3.3,3.3,3.3,0
1566943200,0,3.3,3.3,3.3,0
1567029600,0,3.3,3.3,3.3,0
1567116000,0,3.3,3.3,3.3,0
1567375200,0,3.3,3.3,3.3,0
1567461600,0,3.3,3.3,3.3,0
1567548000,0,3.3,3.3,3.3,0
1567634400,0,3.3,3.3,3.3,0
1567720800,0,3.3,3.3,3.3,0
1567980000,0,3.3,3.3,3.3,0
1568066400,0,3.3,3.3,3.3,0
1568152800,0,3.3,3.3,3.3,0
1568239200,0,3.3,3.3,3.3,0
1568325600,0,3.3,3.3,3.3,0
1568584800,0,3.3,3.3,3.3,0
1568671200,0,3.3,3.3,3.3,0
1568757600,0,3.3,3.3,3.3,0
1568844000,0,3.3,3.3,3.3,0
1568930400,0,3.3,3.3,3.3,0
1569189600,0,3.3,3.3,3.3,0
1569276000,0,3.3,3.3,3.3,0
1569362400,0,3.3,3.3,3.3,0
1569448800,0,3.3,3.3,3.3,0
1569535200,0,3.3,3.3,3.3,0
1569794400,0,3.3,3.3,3.3,0
1569880800,0,3.3,3.3,3.3,0
1569967200,0,3.3,3.3,3.3,0
1570053600,3.42,3.42,3.42,3.42,175
1570140000,0,3.42,3.42,3.42,0
1570399200,0,3.42,3.42,3.42,0
1570485600,0,3.42,3.42,3.42,0
1570572000,0,3.42,3.42,3.42,0
1570658400,0,3.42,3.42,3.42,0
1570744800,0,3.42,3.42,3.42,0
1571004000,0,3.42,3.42,3.42,0
1571090400,0,3.42,3.42,3.42,0
1571176800,0,3.42,3.42,3.42,0
1571263200,0,3.42,3.42,3.42,0
1571349600,3.28,3.28,3.28,3.28,100
1571608800,3.28,3.28,3.28,3.28,9
1571695200,0,3.28,3.28,3.28,0
1571781600,0,3.28,3.28,3.28,0
1571868000,0,3.28,3.28,3.28,0
1571954400,3.42,3.42,3.42,3.42,4
1572217200,0,3.42,3.42,3.42,0
1572303600,0,3.42,3.42,3.42,0
1572390000,0,3.42,3.42,3.42,0
1572476400,0,3.42,3.42,3.42,0
1572822000,0,3.42,3.42,3.42,0
1572908400,0,3.42,3.42,3.42,0
1572994800,0,3.42,3.42,3.42,0
1573081200,0,3.42,3.42,3.42,0
1573167600,0,3.42,3.42,3.42,0
1573513200,3.3,3.3,3.3,3.3,1
1573599600,0,3.3,3.3,3.3,0
1573686000,0,3.3,3.3,3.3,0
1573772400,0,3.3,3.3,3.3,0
1574031600,0,3.3,3.3,3.3,0
1574118000,0,3.3,3.3,3.3,0
1574204400,0,3.3,3.3,3.3,0
1574290800,0,3.3,3.3,3.3,0
1574377200,0,3.3,3.3,3.3,0
1574636400,0,3.3,3.3,3.3,0
1574722800,0,3.3,3.3,3.3,0
1574809200,0,3.3,3.3,3.3,0
1574895600,0,3.3,3.3,3.3,0
1574982000,0,3.3,3.3,3.3,0
1575241200,0,3.3,3.3,3.3,0
1575327600,0,3.3,3.3,3.3,0
1575414000,3.28,3.28,3.28,3.28,2
1575500400,0,3.28,3.28,3.28,0
1575586800,0,3.28,3.28,3.28,0
1575846000,0,3.28,3.28,3.28,0
1575932400,0,3.28,3.28,3.28,0
1576018800,0,3.28,3.28,3.28,0
1576105200,0,3.28,3.28,3.28,0
1576191600,0,3.28,3.28,3.28,0
1576450800,3.42,3.42,3.42,3.42,1
1576537200,0,3.42,3.42,3.42,0
1576623600,0,3.42,3.42,3.42,0
1576710000,0,3.42,3.42,3.42,0
1576796400,0,3.42,3.42,3.42,0
1577055600,0,3.42,3.42,3.42,0
1577401200,0,3.42,3.42,3.42,0
1577660400,0,3.42,3.42,3.42,0
1577919600,0,3.42,3.42,3.42,0
1578006000,0,3.42,3.42,3.42,0
1578351600,0,3.42,3.42,3.42,0
1578438000,0,3.42,3.42,3.42,0
1578524400,0,3.42,3.42,3.42,0
1578610800,0,3.42,3.42,3.42,0
1578870000,0,3.42,3.42,3.42,0
1578956400,0,3.42,3.42,3.42,0
1579042800,0,3.42,3.42,3.42,0
1579129200,0,3.42,3.42,3.42,0
1579215600,0,3.42,3.42,3.42,0
1579474800,0,3.42,3.42,3.42,0
1579561200,0,3.42,3.42,3.42,0
1579647600,0,3.42,3.42,3.42,0
1579734000,0,3.42,3.42,3.42,0
1579820400,0,3.42,3.42,3.42,0
1580079600,0,3.42,3.42,3.42,0
1580166000,0,3.42,3.42,3.42,0
1580252400,0,3.42,3.42,3.42,0
1580338800,0,3.42,3.42,3.42,0
1580425200,0,3.42,3.42,3.42,0
1580684400,0,3.42,3.42,3.42,0
1580770800,0,3.42,3.42,3.42,0
1580857200,0,3.42,3.42,3.42,0
1580943600,0,3.42,3.42,3.42,0
1581030000,0,3.42,3.42,3.42,0
1581289200,0,3.42,3.42,3.42,0
1581375600,0,3.42,3.42,3.42,0
1581462000,0,3.42,3.42,3.42,0
1581548400,0,3.42,3.42,3.42,0
1581634800,0,3.42,3.42,3.42,0
1581894000,0,3.42,3.42,3.42,0
1581980400,0,3.42,3.42,3.42,0
1582066800,0,3.42,3.42,3.42,0
1582153200,0,3.42,3.42,3.42,0
1582239600,0,3.42,3.42,3.42,0
1582498800,0,3.42,3.42,3.42,0
1582585200,0,3.42,3.42,3.42,0
1582671600,0,3.42,3.42,3.42,0
1582758000,0,3.42,3.42,3.42,0
1582844400,3.28,3.28,3.28,3.28,470
1583103600,0,3.28,3.28,3.28,0
1583190000,3.28,3.28,3.28,3.28,500
1583276400,0,3.28,3.28,3.28,0
1583362800,0,3.28,3.28,3.28,0
1583449200,0,3.28,3.28,3.28,0
1583708400,0,3.28,3.28,3.28,0
1583794800,0,3.28,3.28,3.28,0
1583881200,0,3.28,3.28,3.28,0
1583967600,0,3.28,3.28,3.28,0
1584054000,0,3.28,3.28,3.28,0
1584313200,0,3.28,3.28,3.28,0
1584399600,0,3.28,3.28,3.28,0
1584486000,0,3.28,3.28,3.28,0
1584572400,0,3.28,3.28,3.28,0
1584658800,0,3.28,3.28,3.28,0
1584918000,0,3.28,3.28,3.28,0
1585004400,0,3.28,3.28,3.28,0
1585090800,0,3.28,3.28,3.28,0
1585177200,0,3.28,3.28,3.28,0
1585263600,0,3.28,3.28,3.28,0
1585519200,0,3.28,3.28,3.28,0
1585605600,0,3.28,3.28,3.28,0
1585692000,0,3.28,3.28,3.28,0
1585778400,0,3.28,3.28,3.28,0
1585864800,0,3.28,3.28,3.28,0
1586124000,0,3.28,3.28,3.28,0
1586210400,3.42,3.42,3.42,3.42,487
1586296800,0,3.42,3.42,3.42,0
1586383200,0,3.42,3.42,3.42,0
1586815200,0,3.42,3.42,3.42,0
1586901600,3.28,3.28,3.28,3.28,487
1586988000,0,3.28,3.28,3.28,0
1587074400,0,3.28,3.28,3.28,0
1587333600,0,3.28,3.28,3.28,0
1587420000,0,3.28,3.28,3.28,0
1587506400,0,3.28,3.28,3.28,0
1587592800,0,3.28,3.28,3.28,0
1587679200,0,3.28,3.28,3.28,0
1587938400,0,3.28,3.28,3.28,0
1588024800,0,3.28,3.28,3.28,0
1588111200,0,3.28,3.28,3.28,0
1588197600,0,3.28,3.28,3.28,0
1588543200,3.42,3.8,3.98,3.42,11436
1588629600,3.8,3.8,3.8,3.8,2500
1588716000,3.62,3.44,3.62,3.44,4400
1588802400,3.42,3.28,3.42,3.28,2600
1588888800,0,3.28,3.28,3.28,0
1589148000,3.28,3.28,3.28,3.28,500
1589234400,3.14,3.14,3.14,3.14,2600
1589320800,0,3.14,3.14,3.14,0
1589407200,0,3.14,3.14,3.14,0
1589493600,0,3.14,3.14,3.14,0
1589752800,0,3.14,3.14,3.14,0
1589839200,3.1,3.04,3.1,3.04,290
1589925600,0,3.04,3.04,3.04,0
1590012000,0,3.04,3.04,3.04,0
1590098400,0,3.04,3.04,3.04,0
1590357600,0,3.04,3.04,3.04,0
1590444000,3.04,3.04,3.04,3.04,200
1590530400,0,3.04,3.04,3.04,0
1590616800,0,3.04,3.04,3.04,0
1590703200,0,3.04,3.04,3.04,0
1590962400,3.04,3.04,3.04,3.04,126
1591048800,0,3.04,3.04,3.04,0
1591135200,0,3.04,3.04,3.04,0
1591221600,0,3.04,3.04,3.04,0
1591308000,0,3.04,3.04,3.04,0
1591567200,0,3.04,3.04,3.04,0
1591653600,0,3.04,3.04,3.04,0
1591740000,0,3.04,3.04,3.04,0
1591912800,0,3.04,3.04,3.04,0
1592172000,0,3.04,3.04,3.04,0
1592258400,0,3.04,3.04,3.04,0
1592344800,0,3.04,3.04,3.04,0
1592431200,0,3.04,3.04,3.04,0
1592517600,0,3.04,3.04,3.04,0
1592776800,0,3.04,3.04,3.04,0
1592863200,0,3.04,3.04,3.04,0
1592949600,0,3.04,3.04,3.04,0
1593036000,0,3.04,3.04,3.04,0
1593122400,0,3.04,3.04,3.04,0
1593381600,0,3.04,3.04,3.04,0
1593468000,0,3.04,3.04,3.04,0
1593554400,3.04,3.04,3.04,3.04,500
1593640800,0,3.04,3.04,3.04,0
1593727200,0,3.04,3.04,3.04,0
1593986400,3.04,3.04,3.04,3.04,2500
1594072800,0,3.04,3.04,3.04,0
1594159200,0,3.04,3.04,3.04,0
1594245600,0,3.04,3.04,3.04,0
1594332000,0,3.04,3.04,3.04,0
1594591200,0,3.04,3.04,3.04,0
1594677600,0,3.04,3.04,3.04,0
1594764000,0,3.04,3.04,3.04,0
1594850400,0,3.04,3.04,3.04,0
1594936800,0,3.04,3.04,3.04,0
1595196000,0,3.04,3.04,3.04,0
1595282400,0,3.04,3.04,3.04,0
1595368800,0,3.04,3.04,3.04,0
1595455200,0,3.04,3.04,3.04,0
1595541600,0,3.04,3.04,3.04,0
1595800800,0,3.04,3.04,3.04,0
1595887200,0,3.04,3.04,3.04,0
1595973600,2.92,2.92,2.92,2.92,2600
1596060000,0,2.92,2.92,2.92,0
1596146400,2.78,2.78,2.78,2.78,2800
1596405600,0,2.78,2.78,2.78,0
1596492000,0,2.78,2.78,2.78,0
1596578400,0,2.78,2.78,2.78,0
1596664800,0,2.78,2.78,2.78,0
1596751200,0,2.78,2.78,2.78,0
1597010400,0,2.78,2.78,2.78,0
1597096800,0,2.78,2.78,2.78,0
1597183200,0,2.78,2.78,2.78,0
1597269600,0,2.78,2.78,2.78,0
1597356000,2.76,2.76,2.76,2.76,10
1597615200,0,2.76,2.76,2.76,0
1597701600,0,2.76,2.76,2.76,0
1597788000,0,2.76,2.76,2.76,0
1597874400,2.76,2.76,2.76,2.76,10
1597960800,2.64,2.64,2.64,2.64,10
1598220000,0,2.64,2.64,2.64,0
1598306400,0,2.64,2.64,2.64,0
1598392800,0,2.64,2.64,2.64,0
1598479200,0,2.64,2.64,2.64,0
1598565600,0,2.64,2.64,2.64,0
1598824800,2.76,2.76,2.76,2.76,10
1598911200,0,2.76,2.76,2.76,0
1598997600,0,2.76,2.76,2.76,0
1599084000,2.64,2.4,2.64,2.4,5310
1599170400,0,2.4,2.4,2.4,0
1599429600,0,2.4,2.4,2.4,0
1599516000,0,2.4,2.4,2.4,0
1599602400,0,2.4,2.4,2.4,0
1599688800,2.4,2.4,2.4,2.4,10
1599775200,0,2.4,2.4,2.4,0
1600034400,0,2.4,2.4,2.4,0
1600120800,0,2.4,2.4,2.4,0
1600207200,0,2.4,2.4,2.4,0
1600293600,0,2.4,2.4,2.4,0
1600380000,0,2.4,2.4,2.4,0
1600639200,2.4,2.4,2.4,2.4,2300
1600725600,0,2.4,2.4,2.4,0
1600812000,0,2.4,2.4,2.4,0
1600898400,0,2.4,2.4,2.4,0
1600984800,0,2.4,2.4,2.4,0
1601244000,0,2.4,2.4,2.4,0
1601330400,0,2.4,2.4,2.4,0
1601416800,0,2.4,2.4,2.4,0
1601503200,0,2.4,2.4,2.4,0
1601589600,0,2.4,2.4,2.4,0
1601848800,2.4,2.3,2.4,2.3,5000
1601935200,2.4,2.4,2.4,2.4,500
1602021600,0,2.4,2.4,2.4,0
1602108000,0,2.4,2.4,2.4,0
1602194400,0,2.4,2.4,2.4,0
1602453600,2.3,2.2,2.3,2.2,5400
1602540000,2.2,2.2,2.2,2.2,5
1602626400,2.1,2.1,2.1,2.1,3600
1602712800,0,2.1,2.1,2.1,0
1602799200,0,2.1,2.1,2.1,0
1603058400,0,2.1,2.1,2.1,0
1603144800,0,2.1,2.1,2.1,0
1603231200,0,2.1,2.1,2.1,0
1603317600,0,2.1,2.1,2.1,0
1603404000,0,2.1,2.1,2.1,0
1603666800,0,2.1,2.1,2.1,0
1603753200,0,2.1,2.1,2.1,0
1603839600,0,2.1,2.1,2.1,0
1603926000,0,2.1,2.1,2.1,0
1604012400,0,2.1,2.1,2.1,0
1604271600,2,2,2,2,3750
1604358000,0,2,2,2,0
1604444400,0,2,2,2,0
1604530800,0,2,2,2,0
1604617200,0,2,2,2,0
1604876400,1.92,1.92,1.92,1.92,4000
1604962800,0,1.92,1.92,1.92,0
1605135600,0,1.92,1.92,1.92,0
1605222000,0,1.92,1.92,1.92,0
1605481200,0,1.92,1.92,1.92,0
1605567600,0,1.92,1.92,1.92,0
1605654000,0,1.92,1.92,1.92,0
1605740400,1.9,1.9,1.9,1.9,800
1605826800,0,1.9,1.9,1.9,0
1606086000,1.8,1.8,1.8,1.8,9800
1606172400,1.7,1.6,1.7,1.6,13400
1606258800,0,1.6,1.6,1.6,0
1606345200,0,1.6,1.6,1.6,0
1606431600,0,1.6,1.6,1.6,0
1606690800,1.6,1.6,1.6,1.6,623
1606777200,1.6,1.56,1.6,1.56,5123
1606863600,1.56,1.56,1.56,1.56,1000
1606950000,0,1.56,1.56,1.56,0
1607036400,0,1.56,1.56,1.56,0
1607295600,0,1.56,1.56,1.56,0
1607382000,1.54,1.54,1.54,1.54,100
1607468400,1.46,1.46,1.46,1.46,1600
1607554800,0,1.46,1.46,1.46,0
1607641200,0,1.46,1.46,1.46,0
1607900400,0,1.46,1.46,1.46,0
1607986800,0,1.46,1.46,1.46,0
1608073200,0,1.46,1.46,1.46,0
1608159600,0,1.46,1.46,1.46,0
1608246000,0,1.46,1.46,1.46,0
1608505200,1.42,1.5,1.5,1.42,10100
1608591600,0,1.5,1.5,1.5,0
1608678000,0,1.5,1.5,1.5,0
1609110000,1.5,1.5,1.5,1.5,400
1609196400,1.5,1.5,1.5,1.5,60
1609282800,0,1.5,1.5,1.5,0
1609714800,1.5,1.5,1.5,1.5,725
1609801200,0,1.5,1.5,1.5,0
1609974000,1.45,1.45,1.45,1.45,5
1610060400,1.45,1.45,1.45,1.45,400
1610319600,0,1.45,1.45,1.45,0
1610406000,0,1.45,1.45,1.45,0
1610492400,0,1.45,1.45,1.45,0
1610578800,1.5,1.5,1.5,1.5,3
1610665200,1.5,1.5,1.5,1.5,1604
1610924400,1.5,1.5,1.5,1.5,1666
1611010800,1.5,1.5,1.5,1.5,20
1611097200,1.5,1.4,1.5,1.4,1626
1611183600,1.4,1.49,1.49,1.4,667
1611270000,1.5,1.5,1.5,1.5,400
1611529200,1.5,1.5,1.5,1.5,1350
1611615600,1.4,1.45,1.45,1.4,6473
1611702000,0,1.45,1.45,1.45,0
1611788400,1.45,1.45,1.45,1.45,1000
1611874800,1.35,1.45,1.45,1.35,747
1612134000,1.45,1.5,1.5,1.45,9306
1612220400,1.5,1.5,1.5,1.5,200
1612306800,1.4,1.5,1.5,1.4,10067
1612393200,0,1.5,1.5,1.5,0
1612479600,1.49,1.49,1.49,1.49,150
1612738800,1.4,1.4,1.4,1.4,8250
1612825200,1.4,1.4,1.4,1.4,1100
1612911600,1.4,1.4,1.4,1.4,1000
1612998000,0,1.4,1.4,1.4,0
1613084400,1.4,1.4,1.4,1.4,100
1613343600,1.4,1.4,1.4,1.4,1313
1613430000,1.33,1.3,1.33,1.3,11460
1613516400,0,1.3,1.3,1.3,0
1613602800,1.4,1.4,1.4,1.4,1215
1613689200,0,1.4,1.4,1.4,0
1613948400,0,1.4,1.4,1.4,0
1614034800,1.3,1.3,1.31,1.3,9000
1614121200,1.3,1.3,1.3,1.3,4000
1614207600,1.25,1.27,1.3,1.25,2020
1614294000,1.27,1.27,1.27,1.27,40
1614553200,1.27,1.25,1.27,1.25,1232
1614639600,1.27,1.27,1.27,1.27,3434
1614726000,1.27,1.27,1.27,1.27,2201
1614812400,0,1.27,1.27,1.27,0
1614898800,0,1.27,1.27,1.27,0
1615158000,1.3,1.3,1.3,1.3,1400
1615244400,1.3,1.23,1.3,1.2,14393
1615330800,1.18,1.15,1.18,1.15,14667
1615417200,1.15,1.15,1.15,1.15,7870
1615503600,1.15,1.15,1.15,1.14,1298
1615762800,1.13,1.15,1.15,1.13,2841
1615849200,1.13,1.08,1.13,1.04,36055
1615935600,1,0.97,1.04,0.95,134288
1616022000,0.94,0.94,0.94,0.94,33269
1616108400,0.93,0.96,0.96,0.93,11538
1616367600,0.98,0.99,1.03,0.95,116645
1616454000,0.99,0.99,0.99,0.98,18898
1616540400,0.98,1.03,1.03,0.98,9290
1616626800,1,0.98,1,0.98,11810
1616713200,0.99,0.94,0.99,0.94,4706
1616968800,0.96,0.94,0.96,0.94,1500
1617055200,0.99,0.99,0.99,0.99,542
1617141600,0.99,0.97,0.99,0.97,867
1617228000,0.965,0.96,0.965,0.96,1633
1617660000,0.96,0.945,0.96,0.94,28268
1617746400,0.95,0.95,0.95,0.95,350
1617832800,0.925,0.92,0.925,0.92,8596
1617919200,0.95,0.88,0.95,0.86,30194
1618178400,0.83,0.8,0.83,0.72,107588
1618264800,0.75,0.745,0.76,0.74,119544
1618351200,0.71,0.71,0.71,0.69,81750
1618437600,0.68,0.71,0.71,0.68,17190
1618524000,0.71,0.71,0.71,0.71,2240
1618783200,0,0.71,0.71,0.71,0
1618869600,0.71,0.73,0.78,0.71,44459
1618956000,0.7,0.72,0.72,0.7,9420
1619042400,0.72,0.73,0.73,0.72,8000
1619128800,0.74,0.7,0.74,0.7,20017
1619388000,0.71,0.71,0.71,0.71,1205
1619474400,0,0.71,0.71,0.71,0
1619560800,0.71,0.71,0.71,0.71,65
1619647200,0.71,0.7,0.71,0.7,3344
1619733600,0.7,0.71,0.71,0.7,12500
1620079200,0.7,0.7,0.7,0.7,5239
1620165600,0.69,0.7,0.7,0.68,1197
1620252000,0.73,0.72,0.73,0.71,24715
1620338400,0.74,0.74,0.74,0.725,20455
1620597600,0.75,0.77,0.77,0.75,5586
1620684000,0.77,0.77,0.77,0.73,5873
1620770400,0.77,0.75,0.77,0.75,10772
1620856800,0.77,0.77,0.77,0.74,6443
1620943200,0.74,0.73,0.74,0.72,20000
1621202400,0.73,0.73,0.73,0.73,12100
1621288800,0.73,0.73,0.73,0.73,1100
1621375200,0.74,0.75,0.8,0.73,41785
1621461600,0.74,0.71,0.74,0.7,51292
1621548000,0.7,0.7,0.7,0.69,61353
1621807200,0.7,0.7,0.7,0.7,208
1621893600,0.69,0.69,0.69,0.675,5161
1621980000,0.71,0.71,0.71,0.71,1422
1622066400,0.71,0.665,0.71,0.665,19775
1622152800,0.71,0.7,0.71,0.7,14136
1622412000,0.7,0.7,0.7,0.69,24556
1622498400,0.69,0.71,0.71,0.68,11548
1622584800,0.65,0.665,0.685,0.65,83090
1622757600,0.685,0.685,0.685,0.685,2630
1623016800,0.69,0.68,0.69,0.68,11630
1623103200,0.69,0.69,0.69,0.69,1000
1623189600,0.69,0.67,0.69,0.66,11764
1623276000,0.69,0.685,0.69,0.685,4000
1623362400,0.69,0.67,0.69,0.67,4200
1623621600,0.69,0.69,0.69,0.69,6870
1623708000,0.69,0.69,0.69,0.69,310
1623794400,0.66,0.66,0.66,0.66,3000
1623880800,0.655,0.655,0.655,0.655,430
1623967200,0,0.655,0.655,0.655,0
1624226400,0.67,0.67,0.67,0.67,144
1624312800,0,0.67,0.67,0.67,0
1624399200,0,0.67,0.67,0.67,0
1624485600,0.66,0.655,0.66,0.655,6107
1624572000,0.685,0.66,0.69,0.66,30895
1624831200,0.655,0.65,0.655,0.65,40613
1624917600,0.65,0.65,0.65,0.65,200
1625004000,0.645,0.615,0.66,0.61,50077
1625090400,0.66,0.72,0.75,0.66,86855
1625176800,0.72,0.69,0.72,0.69,35853
1625436000,0.7,0.75,0.77,0.7,32620
1625522400,0.73,0.72,0.73,0.71,12563
1625608800,0.7,0.7,0.7,0.7,20200
1625695200,0.72,0.77,0.77,0.72,11003
1625781600,0.78,0.78,0.78,0.78,1197
1626040800,0.76,0.75,0.76,0.72,3657
1626127200,0.75,0.75,0.75,0.71,15521
1626213600,0.72,0.72,0.72,0.71,31800
1626300000,0.71,0.71,0.71,0.71,8002
1626386400,0,0.71,0.71,0.71,0
1626645600,0.715,0.71,0.755,0.71,6343
1626732000,0,0.71,0.71,0.71,0
1626818400,0.71,0.73,0.73,0.71,4190
1626904800,0.73,0.73,0.73,0.73,848
1626991200,0.69,0.69,0.69,0.69,812
1627250400,0.68,0.68,0.68,0.68,13000
1627336800,0.67,0.67,0.67,0.67,1400
1627423200,0,0.67,0.67,0.67,0
1627509600,0,0.67,0.67,0.67,0
1627596000,0.65,0.69,0.69,0.64,10519
1627855200,0.65,0.69,0.69,0.65,2800
1627941600,0,0.69,0.69,0.69,0
1628028000,0.69,0.65,0.69,0.65,537
1628114400,0.65,0.61,0.65,0.595,122053
1628200800,0.61,0.6,0.61,0.585,51892
1628460000,0.59,0.56,0.59,0.53,76785
1628546400,0.555,0.51,0.555,0.474,408047
1628632800,0.54,0.49,0.54,0.45,65494
1628719200,0.468,0.5,0.5,0.468,16475
1628805600,0.5,0.5,0.51,0.5,40150
1629064800,0.5,0.482,0.5,0.446,101060
1629151200,0.494,0.46,0.494,0.45,23579
1629237600,0.49,0.49,0.49,0.49,10
1629324000,0.488,0.434,0.49,0.426,148005
1629410400,0.426,0.44,0.448,0.41,31917
1629669600,0.42,0.444,0.444,0.406,20637
1629756000,0.406,0.438,0.44,0.406,10861
1629842400,0.41,0.438,0.448,0.41,18801
1629928800,0.42,0.448,0.45,0.42,18708
1630015200,0.432,0.448,0.45,0.432,33603
1630274400,0.466,0.43,0.478,0.428,40262
1630360800,0.47,0.45,0.47,0.45,14443
1630447200,0,0.45,0.45,0.45,0
1630533600,0.468,0.45,0.468,0.45,19500
1630620000,0.44,0.44,0.45,0.44,17327
1630879200,0.44,0.41,0.44,0.41,14300
1630965600,0.422,0.45,0.45,0.422,17401
1631052000,0.448,0.448,0.448,0.448,23420
1631138400,0.448,0.45,0.45,0.42,44571
1631224800,0,0.45,0.45,0.45,0
1631484000,0.45,0.45,0.45,0.45,4627
1631570400,0,0.45,0.45,0.45,0
1631656800,0.45,0.45,0.45,0.45,4900
1631743200,0.432,0.47,0.48,0.432,39651
1631829600,0.48,0.48,0.48,0.48,5100
1632088800,0.48,0.442,0.48,0.442,27976
1632175200,0.432,0.432,0.432,0.432,1400
1632261600,0,0.432,0.432,0.432,0
1632348000,0.45,0.45,0.45,0.45,7850
1632434400,0.44,0.434,0.44,0.434,3080
1632693600,0,0.434,0.434,0.434,0
1632780000,0.432,0.432,0.432,0.432,2000
1632866400,0,0.432,0.432,0.432,0
1632952800,0,0.432,0.432,0.432,0
1633039200,0,0.432,0.432,0.432,0
1633298400,0.45,0.45,0.45,0.45,1
1633384800,0,0.45,0.45,0.45,0
1633471200,0,0.45,0.45,0.45,0
1633557600,0,0.45,0.45,0.45,0
1633644000,0,0.45,0.45,0.45,0
1633903200,0,0.45,0.45,0.45,0
1633989600,0,0.45,0.45,0.45,0
1634076000,0,0.45,0.45,0.45,0
1634162400,0,0.45,0.45,0.45,0
1634248800,0,0.45,0.45,0.45,0
1634508000,0,0.45,0.45,0.45,0
1634594400,0,0.45,0.45,0.45,0
1634680800,0,0.45,0.45,0.45,0
1634767200,0,0.45,0.45,0.45,0
1634853600,0,0.45,0.45,0.45,0
1635112800,0,0.45,0.45,0.45,0
1635199200,0,0.45,0.45,0.45,0
1635285600,0,0.45,0.45,0.45,0
1635372000,0,0.45,0.45,0.45,0
1635458400,0,0.45,0.45,0.45,0
1635807600,0,0.45,0.45,0.45,0
1635894000,0,0.45,0.45,0.45,0
1635980400,0,0.45,0.45,0.45,0
1636066800,0,0.45,0.45,0.45,0
1636326000,0,0.45,0.45,0.45,0
1636412400,0,0.45,0.45,0.45,0
1636498800,0,0.45,0.45,0.45,0
1636671600,0,0.45,0.45,0.45,0
1636930800,0,0.45,0.45,0.45,0
1637017200,0,0.45,0.45,0.45,0
1637103600,0,0.45,0.45,0.45,0
1637190000,0,0.45,0.45,0.45,0
1637276400,0,0.45,0.45,0.45,0
1637535600,0,0.45,0.45,0.45,0
1637622000,0,0.45,0.45,0.45,0
1637708400,0,0.45,0.45,0.45,0
1637794800,0,0.45,0.45,0.45,0
1637881200,0,0.45,0.45,0.45,0
1638140400,0,0.45,0.45,0.45,0
1638226800,0,0.45,0.45,0.45,0
1638313200,0,0.45,0.45,0.45,0
1638399600,0,0.45,0.45,0.45,0
1638486000,0,0.45,0.45,0.45,0
1638745200,0,0.45,0.45,0.45,0
1638831600,0,0.45,0.45,0.45,0
1638918000,0,0.45,0.45,0.45,0
1639004400,0,0.45,0.45,0.45,0
1639090800,0,0.45,0.45,0.45,0
1639350000,0,0.45,0.45,0.45,0
1639436400,0,0.45,0.45,0.45,0
1639522800,0,0.45,0.45,0.45,0
1639609200,0,0.45,0.45,0.45,0
1639695600,0,0.45,0.45,0.45,0
1639954800,0,0.45,0.45,0.45,0
1640041200,0,0.45,0.45,0.45,0
1640127600,0,0.45,0.45,0.45,0
1640214000,0,0.45,0.45,0.45,0
1640559600,0,0.45,0.45,0.45,0
1640646000,0,0.45,0.45,0.45,0
1640732400,0,0.45,0.45,0.45,0
1640818800,0,0.45,0.45,0.45,0
1641164400,0,0.45,0.45,0.45,0
1641250800,0,0.45,0.45,0.45,0
1641337200,0,0.45,0.45,0.45,0
1641510000,0,0.45,0.45,0.45,0
1641769200,0,0.45,0.45,0.45,0
1641855600,0,0.45,0.45,0.45,0
1641942000,0,0.45,0.45,0.45,0
1642028400,0,0.45,0.45,0.45,0
1642114800,0,0.45,0.45,0.45,0
1642374000,0,0.45,0.45,0.45,0
1642460400,0,0.45,0.45,0.45,0
1642546800,0,0.45,0.45,0.45,0
1642633200,0,0.45,0.45,0.45,0
1642719600,0,0.45,0.45,0.45,0
1642978800,0,0.45,0.45,0.45,0
1643065200,0,0.45,0.45,0.45,0
1643151600,0,0.45,0.45,0.45,0
1643238000,0,0.45,0.45,0.45,0
1643324400,0,0.45,0.45,0.45,0
1643583600,0,0.45,0.45,0.45,0
1643670000,0,0.45,0.45,0.45,0
1643756400,0,0.45,0.45,0.45,0
1643842800,0,0.45,0.45,0.45,0
1643929200,0,0.45,0.45,0.45,0
1644188400,0,0.45,0.45,0.45,0
1644274800,0,0.45,0.45,0.45,0
1644361200,0,0.45,0.45,0.45,0
1644447600,0,0.45,0.45,0.45,0
1644534000,0,0.45,0.45,0.45,0
1644793200,0,0.45,0.45,0.45,0
1644879600,0,0.45,0.45,0.45,0
1644966000,0,0.45,0.45,0.45,0
1645052400,0,0.45,0.45,0.45,0
1645138800,0,0.45,0.45,0.45,0
1645398000,0,0.45,0.45,0.45,0
1645484400,0,0.45,0.45,0.45,0
1645570800,0,0.45,0.45,0.45,0
1645657200,0,0.45,0.45,0.45,0
1645743600,0,0.45,0.45,0.45,0
1646002800,0,0.45,0.45,0.45,0
1646089200,0,0.45,0.45,0.45,0
1646175600,0,0.45,0.45,0.45,0
1646262000,0,0.45,0.45,0.45,0
1646348400,0,0.45,0.45,0.45,0
1646607600,0,0.45,0.45,0.45,0
1646694000,0,0.45,0.45,0.45,0
1646780400,0,0.45,0.45,0.45,0
1646866800,0,0.45,0.45,0.45,0
1646953200,0,0.45,0.45,0.45,0
1647212400,0,0.45,0.45,0.45,0
1647298800,0,0.45,0.45,0.45,0
1647385200,0,0.45,0.45,0.45,0
1647471600,0,0.45,0.45,0.45,0
1647558000,0,0.45,0.45,0.45,0
1647817200,0,0.45,0.45,0.45,0
1647903600,0,0.45,0.45,0.45,0
1647990000,0,0.45,0.45,0.45,0
1648076400,0,0.45,0.45,0.45,0
1648162800,0,0.45,0.45,0.45,0
1648418400,0,0.45,0.45,0.45,0
1648504800,0,0.45,0.45,0.45,0
1648591200,0,0.45,0.45,0.45,0
1648677600,0,0.45,0.45,0.45,0
1648764000,0,0.45,0.45,0.45,0
1649023200,0,0.45,0.45,0.45,0
1649109600,0,0.45,0.45,0.45,0
1649196000,0,0.45,0.45,0.45,0
1649282400,0,0.45,0.45,0.45,0
1649368800,0,0.45,0.45,0.45,0
1649628000,0,0.45,0.45,0.45,0
1649714400,0,0.45,0.45,0.45,0
1649800800,0,0.45,0.45,0.45,0
1649887200,0,0.45,0.45,0.45,0
1650319200,0,0.45,0.45,0.45,0
1650405600,0,0.45,0.45,0.45,0
1650492000,0,0.45,0.45,0.45,0
1650578400,0,0.45,0.45,0.45,0
1650837600,0,0.45,0.45,0.45,0
1650924000,0,0.45,0.45,0.45,0
1651010400,0,0.45,0.45,0.45,0
1651096800,0,0.45,0.45,0.45,0
1651183200,0,0.45,0.45,0.45,0
1651442400,0,0.45,0.45,0.45,0
1651615200,0,0.45,0.45,0.45,0
1651701600,0,0.45,0.45,0.45,0
1651788000,0,0.45,0.45,0.45,0
1652047200,0,0.45,0.45,0.45,0
1652133600,0,0.45,0.45,0.45,0
1652220000,0,0.45,0.45,0.45,0
1652306400,0,0.45,0.45,0.45,0
1652392800,0,0.45,0.45,0.45,0
1652652000,0,0.45,0.45,0.45,0
1652738400,0,0.45,0.45,0.45,0
1652824800,0,0.45,0.45,0.45,0
1652911200,0,0.45,0.45,0.45,0
1652997600,0,0.45,0.45,0.45,0
1653256800,0,0.45,0.45,0.45,0
1653343200,0,0.45,0.45,0.45,0
1653429600,0,0.45,0.45,0.45,0
1653516000,0,0.45,0.45,0.45,0
1653602400,0,0.45,0.45,0.45,0
1653861600,0,0.45,0.45,0.45,0
1653948000,0,0.45,0.45,0.45,0
1654034400,0,0.45,0.45,0.45,0
1654120800,0,0.45,0.45,0.45,0
1654207200,0,0.45,0.45,0.45,0
1654466400,0,0.45,0.45,0.45,0
1654552800,0,0.45,0.45,0.45,0
1654639200,0,0.45,0.45,0.45,0
1654725600,0,0.45,0.45,0.45,0
1654812000,0,0.45,0.45,0.45,0
1655071200,0,0.45,0.45,0.45,0
1655157600,0,0.45,0.45,0.45,0
1655244000,0,0.45,0.45,0.45,0
1655416800,0,0.45,0.45,0.45,0
1655676000,0,0.45,0.45,0.45,0
1655762400,0,0.45,0.45,0.45,0
1655848800,0,0.45,0.45,0.45,0
1655935200,0,0.45,0.45,0.45,0
1656021600,0,0.45,0.45,0.45,0
1656280800,0,0.45,0.45,0.45,0
1656367200,0,0.45,0.45,0.45,0
1656453600,0,0.45,0.45,0.45,0
1656540000,0,0.45,0.45,0.45,0
1656626400,0,0.45,0.45,0.45,0
1656885600,0,0.45,0.45,0.45,0
1656972000,0,0.45,0.45,0.45,0
1657058400,0,0.45,0.45,0.45,0
1657144800,0,0.45,0.45,0.45,0
1657231200,0,0.45,0.45,0.45,0
1657490400,0,0.45,0.45,0.45,0
1657576800,0,0.45,0.45,0.45,0
1657663200,0,0.45,0.45,0.45,0
1657749600,0,0.45,0.45,0.45,0
1657836000,0,0.45,0.45,0.45,0
1658095200,0,0.45,0.45,0.45,0
1658181600,0,0.45,0.45,0.45,0
1658268000,0,0.45,0.45,0.45,0
1658354400,0,0.45,0.45,0.45,0
1658440800,0,0.45,0.45,0.45,0
1658700000,0,0.45,0.45,0.45,0
1658786400,0,0.45,0.45,0.45,0
1658872800,0,0.45,0.45,0.45,0
1658959200,0,0.45,0.45,0.45,0
1659045600,0,0.45,0.45,0.45,0
1659304800,0,0.45,0.45,0.45,0
1659391200,0,0.45,0.45,0.45,0
1659477600,0,0.45,0.45,0.45,0
1659564000,0,0.45,0.45,0.45,0
1659650400,0,0.45,0.45,0.45,0
1659909600,0,0.45,0.45,0.45,0
1659996000,0,0.45,0.45,0.45,0
1660082400,0,0.45,0.45,0.45,0
1660168800,0,0.45,0.45,0.45,0
1660255200,0,0.45,0.45,0.45,0
1660600800,0,0.45,0.45,0.45,0
1660687200,0,0.45,0.45,0.45,0
1660773600,0,0.45,0.45,0.45,0
1660860000,0,0.45,0.45,0.45,0
1661119200,0,0.45,0.45,0.45,0
1661205600,0,0.45,0.45,0.45,0
1661292000,0,0.45,0.45,0.45,0
1661378400,0,0.45,0.45,0.45,0
1661464800,0,0.45,0.45,0.45,0
1661724000,0,0.45,0.45,0.45,0
1661810400,0,0.45,0.45,0.45,0
1661896800,0,0.45,0.45,0.45,0
1661983200,0,0.45,0.45,0.45,0
1662069600,0,0.45,0.45,0.45,0
1662328800,0,0.45,0.45,0.45,0
1662415200,0,0.45,0.45,0.45,0
1662501600,0,0.45,0.45,0.45,0
1662588000,0,0.45,0.45,0.45,0
1662674400,0,0.45,0.45,0.45,0
1662933600,0,0.45,0.45,0.45,0
1663020000,0,0.45,0.45,0.45,0
1663106400,0,0.45,0.45,0.45,0
1663192800,0,0.45,0.45,0.45,0
1663279200,0,0.45,0.45,0.45,0
1663538400,0,0.45,0.45,0.45,0
1663624800,0,0.45,0.45,0.45,0
1663711200,0,0.45,0.45,0.45,0
1663797600,0,0.45,0.45,0.45,0
1663884000,0,0.45,0.45,0.45,0
1664143200,0,0.45,0.45,0.45,0
1664229600,0,0.45,0.45,0.45,0
1664316000,0,0.45,0.45,0.45,0
1664402400,0,0.45,0.45,0.45,0
1664488800,0,0.45,0.45,0.45,0
1664748000,0,0.45,0.45,0.45,0
1664834400,0,0.45,0.45,0.45,0
1664920800,0,0.45,0.45,0.45,0
1665007200,0,0.45,0.45,0.45,0
1665093600,0,0.45,0.45,0.45,0
1665352800,0,0.45,0.45,0.45,0
1665439200,0,0.45,0.45,0.45,0
1665525600,0,0.45,0.45,0.45,0
1665612000,0,0.45,0.45,0.45,0
1665698400,0,0.45,0.45,0.45,0
1665957600,0,0.45,0.45,0.45,0
1666044000,0,0.45,0.45,0.45,0
1666130400,0,0.45,0.45,0.45,0
1666216800,0,0.45,0.45,0.45,0
1666303200,0,0.45,0.45,0.45,0
1666562400,0,0.45,0.45,0.45,0
1666648800,0,0.45,0.45,0.45,0
1666735200,0,0.45,0.45,0.45,0
1666821600,0,0.45,0.45,0.45,0
1666908000,0,0.45,0.45,0.45,0
1667170800,0,0.45,0.45,0.45,0
1667343600,0,0.45,0.45,0.45,0
1667430000,0,0.45,0.45,0.45,0
1667516400,0,0.45,0.45,0.45,0
1667775600,0,0.45,0.45,0.45,0
1667862000,0,0.45,0.45,0.45,0
1667948400,0,0.45,0.45,0.45,0
1668034800,0,0.45,0.45,0.45,0
1668380400,0,0.45,0.45,0.45,0
1668466800,0,0.45,0.45,0.45,0
1668553200,0,0.45,0.45,0.45,0
1668639600,0,0.45,0.45,0.45,0
1668726000,0,0.45,0.45,0.45,0
1668985200,0,0.45,0.45,0.45,0
1669071600,0,0.45,0.45,0.45,0
1669158000,0,0.45,0.45,0.45,0
1669244400,0,0.45,0.45,0.45,0
1669330800,0,0.45,0.45,0.45,0
1669590000,0,0.45,0.45,0.45,0
1669676400,0,0.45,0.45,0.45,0
1669762800,0,0.45,0.45,0.45,0
1669849200,0,0.45,0.45,0.45,0
1669935600,0,0.45,0.45,0.45,0
1670194800,0,0.45,0.45,0.45,0
1670281200,0,0.45,0.45,0.45,0
1670367600,0,0.45,0.45,0.45,0
1670454000,0,0.45,0.45,0.45,0
1670540400,0,0.45,0.45,0.45,0
1670799600,0,0.45,0.45,0.45,0
1670886000,0,0.45,0.45,0.45,0
1670972400,0,0.45,0.45,0.45,0
1671058800,0,0.45,0.45,0.45,0
1671145200,0,0.45,0.45,0.45,0
1671404400,0,0.45,0.45,0.45,0
1671490800,0,0.45,0.45,0.45,0
1671577200,0,0.45,0.45,0.45,0
1671663600,0,0.45,0.45,0.45,0
1671750000,0,0.45,0.45,0.45,0
1672095600,0,0.45,0.45,0.45,0
1672182000,0,0.45,0.45,0.45,0
1672268400,0,0.45,0.45,0.45,0
1672354800,0,0.45,0.45,0.45,0
1672614000,0,0.45,0.45,0.45,0
1672700400,0,0.45,0.45,0.45,0
1672786800,0,0.45,0.45,0.45,0
1672873200,0,0.45,0.45,0.45,0
1673218800,0,0.45,0.45,0.45,0
1673305200,0,0.45,0.45,0.45,0
1673391600,0,0.45,0.45,0.45,0
1673478000,0,0.45,0.45,0.45,0
1673564400,0,0.45,0.45,0.45,0
1673823600,0,0.45,0.45,0.45,0
1673910000,0,0.45,0.45,0.45,0
1673996400,0,0.45,0.45,0.45,0
1674082800,0,0.45,0.45,0.45,0
1674169200,0,0.45,0.45,0.45,0
1674428400,0,0.45,0.45,0.45,0
1674514800,0,0.45,0.45,0.45,0
1674601200,0,0.45,0.45,0.45,0
1674687600,0,0.45,0.45,0.45,0
1674774000,0,0.45,0.45,0.45,0
1675033200,0,0.45,0.45,0.45,0
1675119600,0,0.45,0.45,0.45,0
1675206000,0,0.45,0.45,0.45,0
1675292400,0,0.45,0.45,0.45,0
1675378800,0,0.45,0.45,0.45,0
1675638000,0,0.45,0.45,0.45,0
1675724400,0,0.45,0.45,0.45,0
1675810800,0,0.45,0.45,0.45,0
1675897200,0,0.45,0.45,0.45,0
1675983600,0,0.45,0.45,0.45,0
1676242800,0,0.45,0.45,0.45,0
1676329200,0,0.45,0.45,0.45,0
1676415600,0,0.45,0.45,0.45,0
1676502000,0,0.45,0.45,0.45,0
1676588400,0,0.45,0.45,0.45,0
1676847600,0,0.45,0.45,0.45,0
1676934000,0,0.45,0.45,0.45,0
1677020400,0,0.45,0.45,0.45,0
1677106800,0,0.45,0.45,0.45,0
1677193200,0,0.45,0.45,0.45,0
1677452400,0,0.45,0.45,0.45,0
1677538800,0,0.45,0.45,0.45,0
1677625200,0,0.45,0.45,0.45,0
1677711600,0,0.45,0.45,0.45,0
1677798000,0,0.45,0.45,0.45,0
1678057200,0,0.45,0.45,0.45,0
1678143600,0,0.45,0.45,0.45,0
1678230000,0,0.45,0.45,0.45,0
1678316400,0,0.45,0.45,0.45,0
1678402800,0,0.45,0.45,0.45,0
1678662000,0,0.45,0.45,0.45,0
1678748400,0,0.45,0.45,0.45,0
1678834800,0,0.45,0.45,0.45,0
1678921200,0,0.45,0.45,0.45,0
1679007600,0,0.45,0.45,0.45,0
1679266800,0,0.45,0.45,0.45,0
1679353200,0,0.45,0.45,0.45,0
1679439600,0,0.45,0.45,0.45,0
1679526000,0,0.45,0.45,0.45,0
1679612400,0,0.45,0.45,0.45,0
1679868000,0,0.45,0.45,0.45,0
1679954400,0,0.45,0.45,0.45,0
1680040800,0,0.45,0.45,0.45,0
1680127200,0,0.45,0.45,0.45,0
1680213600,0,0.45,0.45,0.45,0
1680472800,0,0.45,0.45,0.45,0
1680559200,0,0.45,0.45,0.45,0
1680645600,0,0.45,0.45,0.45,0
1680732000,0,0.45,0.45,0.45,0
1681164000,0,0.45,0.45,0.45,0
1681250400,0,0.45,0.45,0.45,0
1681336800,0,0.45,0.45,0.45,0
1681423200,0,0.45,0.45,0.45,0
1681682400,0,0.45,0.45,0.45,0
1681768800,0,0.45,0.45,0.45,0
1681855200,0,0.45,0.45,0.45,0
1681941600,0,0.45,0.45,0.45,0
1682028000,0,0.45,0.45,0.45,0
1682287200,0,0.45,0.45,0.45,0
1682373600,0,0.45,0.45,0.45,0
1682460000,0,0.45,0.45,0.45,0
1682546400,0,0.45,0.45,0.45,0
1682632800,0,0.45,0.45,0.45,0
1682978400,0,0.45,0.45,0.45,0
1683151200,0,0.45,0.45,0.45,0
1683237600,0,0.45,0.45,0.45,0
1683496800,0,0.45,0.45,0.45,0
1683583200,0,0.45,0.45,0.45,0
1683669600,0,0.45,0.45,0.45,0
1683756000,0,0.45,0.45,0.45,0
1683842400,0,0.45,0.45,0.45,0
1684101600,0,0.45,0.45,0.45,0
1684188000,0,0.45,0.45,0.45,0
1684274400,0,0.45,0.45,0.45,0
1684360800,0,0.45,0.45,0.45,0
1684447200,0,0.45,0.45,0.45,0
1684706400,0,0.45,0.45,0.45,0
1684792800,0,0.45,0.45,0.45,0
1684879200,0,0.45,0.45,0.45,0
1684965600,0,0.45,0.45,0.45,0
1685052000,0.4,0.6,0.6,0.382,163081
1685311200,0.65,0.74,0.75,0.65,328839
1685397600,0.74,0.69,0.74,0.65,68153
1685484000,0.66,0.66,0.665,0.605,73828
1685570400,0.65,0.63,0.65,0.6,83174
1685656800,0.6,0.59,0.61,0.55,64361
1685916000,0.565,0.575,0.58,0.535,10843
1686002400,0.545,0.57,0.57,0.545,4264
1686088800,0.57,0.59,0.615,0.57,29328
1686261600,0.585,0.58,0.615,0.56,55318
1686520800,0.58,0.55,0.58,0.55,31910
1686607200,0.56,0.55,0.56,0.52,9140
1686693600,0.54,0.54,0.54,0.54,175
1686780000,0,0.54,0.54,0.54,0
1686866400,0.525,0.535,0.535,0.5,15814
1687125600,0.54,0.54,0.54,0.54,2000
1687212000,0.54,0.54,0.54,0.54,3500
1687298400,0.48,0.5,0.5,0.48,37672
1687384800,0.49,0.49,0.49,0.49,1500
1687471200,0.462,0.49,0.49,0.46,8850
1687730400,0.464,0.49,0.49,0.464,2300
1687816800,0.49,0.49,0.49,0.49,2000
1687903200,0.47,0.498,0.5,0.47,15560
1687989600,0.49,0.55,0.55,0.468,31550
1688076000,0,0.55,0.55,0.55,0
1688335200,0.54,0.496,0.54,0.496,33264
1688421600,0.47,0.45,0.47,0.44,50193
1688508000,0.45,0.452,0.488,0.45,33040
1688594400,0.482,0.45,0.482,0.45,3775
1688680800,0.478,0.48,0.48,0.478,3753
1688940000,0,0.48,0.48,0.48,0
1689026400,0.452,0.452,0.452,0.452,2000
1689112800,0.474,0.472,0.474,0.472,7050
1689199200,0,0.472,0.472,0.472,0
1689285600,0.48,0.5,0.5,0.48,25964
1689544800,0.5,0.53,0.53,0.5,2163
1689631200,0.51,0.51,0.51,0.51,2157
1689717600,0.51,0.5,0.51,0.486,25000
1689804000,0.5,0.5,0.5,0.5,1000
1689890400,0.5,0.5,0.5,0.5,6550
1690149600,0.486,0.486,0.486,0.486,25
1690236000,0.486,0.486,0.486,0.486,1000
1690322400,0.5,0.5,0.5,0.5,17000
1690408800,0,0.5,0.5,0.5,0
1690495200,0.5,0.505,0.55,0.5,35501
1690754400,0.5,0.496,0.5,0.496,4874
1690840800,0.472,0.48,0.48,0.472,6570
1690927200,0.472,0.472,0.472,0.472,250
1691013600,0.472,0.47,0.472,0.47,2000
1691100000,0,0.47,0.47,0.47,0
1691359200,0.5,0.5,0.5,0.5,1988
1691445600,0.472,0.48,0.48,0.472,2330
1691532000,0.47,0.47,0.47,0.47,175
1691618400,0.47,0.47,0.47,0.47,2445
1691704800,0.472,0.472,0.472,0.472,5686
1691964000,0.49,0.49,0.49,0.49,396
1692136800,0.49,0.47,0.49,0.47,2801
1692223200,0,0.47,0.47,0.47,0
1692309600,0,0.47,0.47,0.47,0
1692568800,0.47,0.47,0.47,0.47,1857
1692655200,0.47,0.47,0.47,0.47,553
1692741600,0,0.47,0.47,0.47,0
1692828000,0,0.47,0.47,0.47,0
1692914400,0,0.47,0.47,0.47,0
1693173600,0.45,0.45,0.45,0.45,4000
1693260000,0.45,0.54,0.54,0.45,134470
1693346400,0.62,0.75,0.75,0.62,279276
1693432800,0.77,0.925,0.925,0.735,157093
1693519200,1.21,1.46,1.46,1.21,83332
1693778400,1.87,1.45,2,1.38,785457
1693864800,1.38,1.01,1.5,1.01,407960
1693951200,1.02,0.91,1.08,0.875,543571
1694037600,0.93,1.14,1.19,0.85,609502
1694124000,1.18,1.05,1.29,1,436650
1694383200,1.05,0.9,1.05,0.89,199967
1694469600,0.935,1.04,1.08,0.875,288235
1694556000,1.06,1.35,1.35,1.05,570668
1694642400,1.54,1.51,1.69,1.39,599427
1694728800,1.53,1.47,1.54,1.42,98461
1694988000,1.46,1.24,1.46,1.21,197345
1695074400,1.2,1.28,1.52,1.2,307045
1695160800,1.25,1.14,1.33,1.06,281298
1695247200,1.14,1,1.25,0.955,715761
1695333600,0.975,0.96,1.05,0.96,188065
1695592800,0.995,0.85,1,0.835,332728
1695679200,0.885,0.75,0.885,0.72,502818
1695765600,0.725,0.775,0.87,0.725,432528
1695852000,0.8,0.72,0.8,0.68,385683
1695938400,0.72,0.72,0.755,0.665,288531
1696197600,0.73,0.6,0.73,0.555,756013
1696284000,0.59,0.55,0.645,0.54,422724
1696370400,0.585,0.65,0.695,0.555,630957
1696456800,0.665,0.625,0.71,0.62,254140
1696543200,0.625,0.59,0.625,0.565,199638
1696802400,0.57,0.5,0.57,0.482,553511
1696888800,0.525,0.52,0.575,0.51,276211
1696975200,0.545,0.492,0.57,0.492,506008
1697061600,0.492,0.496,0.535,0.492,603735
1697148000,0.5,0.494,0.52,0.48,248675
1697407200,0.494,0.474,0.494,0.464,110040
