stock1, stock2, p_value
PLAPATR00018, PLINCLT00015, 0.0
PLAPATR00018, PLINTSP00038, 0.0
PLECHPS00019, PLOPNPL00013, 0.0
PLESTHN00018, PLGRODN00015, 0.0
PLESTHN00018, PLPANVA00013, 0.0
PLESTHN00018, PLPWRMD00011, 0.0
PLESTHN00018, PLZBMZC00019, 0.0
PLFAMUR00012, PLKRINK00014, 0.0
PLIDMSA00044, PLZRWZW00012, 0.0
PLMSTSD00019, PLSTPRK00019, 0.0
PLMSTSD00019, PLZSTAL00012, 0.0
PLPEPES00018, PLSTPRK00019, 0.0
PLRELPL00014, PLZSTAL00012, 0.0
PLESTHN00018, PLINSTK00013, 2.0759783166373676e-30
PLESTHN00018, PLPLSEP00013, 2.1753467289632317e-30
PLESTHN00018, PLPRCHM00014, 2.341775652825754e-30
PLMNNCP00011, PLSTIGR00012, 2.6188749414438618e-30
PLESTHN00018, PLFERRO00016, 2.7917171098902378e-30
PLAPATR00018, PLPMPOL00031, 2.8891974356324978e-30
PLESTHN00018, PLMRBUD00015, 3.215658638163766e-30
PLESTHN00018, PLNVITA00018, 3.363162784082668e-30
PLESTHN00018, PLNFI1200018, 3.363979439678047e-30
PLESTHN00018, PLINTCS00010, 3.553495270383262e-30
PLESTHN00018, PLLZPSK00019, 3.559900117971256e-30
PLESTHN00018, PLLCCRP00017, 4.036187988176682e-30
PLESTHN00018, PLTRFRM00018, 4.2133267067021205e-30
PLESTHN00018, PLTELL000023, 4.532426140124415e-30
PLESTHN00018, PLNTSYS00013, 4.542047805983153e-30
PLESTHN00018, PLIZCJR00017, 4.644446775613999e-30
PLESTHN00018, PLVOTUM00016, 4.690511892920308e-30
PLESTHN00018, PLTRKPL00014, 5.110814847649538e-30
PLESTHN00018, PLROPCE00017, 5.181347765518492e-30
PLESTHN00018, PLMKRNP00015, 5.189263434471419e-30
PLESTHN00018, PLKRK0000010, 5.665874089555543e-30
PLESTHN00018, PLODLPL00013, 5.782666090800333e-30
PLECHPS00019, PLWRWCK00013, 6.313122355275556e-30
PLESTHN00018, PLTHP0000011, 6.346615470036709e-30
PLESTHN00018, PLPEPES00018, 6.365894447835352e-30
PLESTHN00018, PLKGNRC00015, 6.689618179014054e-30
PLESTHN00018, PLMRVPL00016, 6.703834153624607e-30
PLESTHN00018, PLKETY000011, 6.882504051918205e-30
PLESTHN00018, PLFAMUR00012, 6.915857376845098e-30
PLESTHN00018, PLZAPUL00057, 6.983113905382786e-30
PLESTHN00018, PLNFI1000012, 7.010252646942677e-30
PLESTHN00018, PLWOJAS00014, 7.018643544125401e-30
PLESTHN00018, PLOPTTC00011, 7.183507783094084e-30
PLESTHN00018, PLKRINK00014, 7.20808205275743e-30
PLESTHN00018, PLHELIO00014, 7.412379717660525e-30
PLESTHN00018, PLPROJP00018, 7.417436692761169e-30
PLESTHN00018, PLWDM0000029, 7.448024778343458e-30
PLESTHN00018, PLINTRL00013, 7.637918745703761e-30
PLESTHN00018, PLEURCH00011, 7.678808335728282e-30
PLESTHN00018, PLVNDEX00013, 7.788807692555819e-30
PLESTHN00018, PLHRPHG00023, 7.839055452997666e-30
PLESTHN00018, PLOPNPL00013, 7.95725940968717e-30
PLESTHN00018, PLMSTSD00019, 7.977383463816011e-30
PLLZPSK00019, PLPMPOL00031, 8.105268155770598e-30
PLESTHN00018, PLPEKAO00016, 8.141097333136321e-30
PLESTHN00018, PLPKN0000018, 8.271082445040767e-30
PLESTHN00018, PLMAKRM00019, 8.272620391906126e-30
PLESTHN00018, PLOPTEM00012, 8.319244538332328e-30
PLESTHN00018, PLSTLPD00017, 8.373557031779684e-30
PLESTHN00018, PLSTIGR00012, 8.416743984463928e-30
PLESTHN00018, PLNFI0500012, 8.418631533112121e-30
PLESTHN00018, PLMBION00016, 8.446858401746204e-30
PLESTHN00018, PLSANWL00012, 8.479391782931876e-30
PLESTHN00018, PLSKTAN00010, 8.490903062884459e-30
PLESTHN00018, PLSEKO000014, 8.684710447606009e-30
PLESTHN00018, PLINCLT00015, 8.705555120492164e-30
PLESTHN00018, PLUNBEP00015, 8.766526588191998e-30
PLESTHN00018, PLSTPRK00019, 8.940760074815708e-30
PLESTHN00018, PLHDRTR00013, 9.100093997274621e-30
PLESTHN00018, PLTALEX00017, 9.11570803861656e-30
PLESTHN00018, PLPLPGR00010, 9.35162237338066e-30
PLESTHN00018, PLPZU0000011, 9.499124356399905e-30
PLESTHN00018, PLSTLSK00016, 9.6071265107604e-30
PLESTHN00018, PLPEKPL00010, 9.60781593794292e-30
PLESTHN00018, PLQRCUS00012, 9.675502032261497e-30
PLESTHN00018, PLLENAL00015, 9.722260620506601e-30
PLESTHN00018, PLZATRM00012, 9.741720019330568e-30
PLESTHN00018, PLZCPLC00036, 9.799817711726676e-30
PLESTHN00018, PLZUE0000015, 9.837022668275503e-30
PLESTHN00018, PLSARE000013, 9.971500591839834e-30
PLESTHN00018, PLLSSFT00016, 1.0187439449424658e-29
PLESTHN00018, PLMNRTR00012, 1.0224353907600991e-29
PLESTHN00018, PLINTSP00038, 1.0613350950668686e-29
PLESTHN00018, PLKRKCH00019, 1.0961963206133462e-29
PLESTHN00018, PLWAWEL00013, 1.1160612610842809e-29
PLESTHN00018, PLWELTN00012, 1.1199532455866889e-29
PLESTHN00018, PLSONEL00011, 1.1245116359342365e-29
PLESTHN00018, PLVSTLA00011, 1.141225776021524e-29
PLESTHN00018, PLZRWZW00012, 1.1767978570085124e-29
PLESTHN00018, PLPHRMN00011, 1.2035366484691135e-29
PLESTHN00018, PLFORTE00012, 1.2488801302159845e-29
PLESTHN00018, PLLWBGD00016, 1.3261220965481012e-29
PLESTHN00018, PLRNBWT00031, 1.3622548852793724e-29
PLESTHN00018, PLINTGR00013, 1.4018003779882358e-29
PLESTHN00018, PLKLNR000017, 1.5910333298235406e-29
PLESTHN00018, PLIZSTL00015, 1.6101477554753956e-29
PLECHPS00019, PLERGIN00015, 1.6582377946897384e-29
PLESTHN00018, PLRELPL00014, 1.713506129918077e-29
PLESTHN00018, PLTRNSP00013, 1.925941066170767e-29
PLESTHN00018, PLSTLEX00019, 2.2483066176940792e-29
PLESTHN00018, PLZTKMA00017, 2.6527183888760584e-29
PLESTHN00018, PLTLKPL00017, 3.0452043553825626e-29
PLESTHN00018, PLPRGNK00017, 3.108889796813735e-29
PLESTHN00018, PLRAFAK00018, 3.213838495060012e-29
PLAPATR00018, PLFAMUR00012, 3.258318675317237e-29
PLESTHN00018, PLMRCOR00016, 4.946120997706213e-29
PLESTHN00018, PLRNKPR00014, 5.114996379327001e-29
PLRESBD00032, PLTORPL00016, 6.738045981758018e-29
PLESTHN00018, PLLUBAW00013, 1.3602771886738574e-28
PLELPO000016, PLNVITA00018, 1.8353464569665334e-28
PLSOFTB00016, PLZRWZW00012, 2.387530388507857e-28
PLELPO000016, PLKETY000011, 2.599769175841257e-28
PLELPO000016, PLMSTWS00019, 4.1346929653282825e-28
PLELPO000016, PLSTLEX00019, 1.294234989640696e-27
PLELPO000016, PLREMAK00016, 1.3728558114134017e-27
PLATM0000021, PLCTINT00018, 1.4284012948661836e-27
PLELPO000016, PLFORTE00012, 1.617761643143374e-27
PLELPO000016, PLVSTLA00011, 2.0881396477533133e-27
PLELPO000016, PLSTLSK00016, 2.1896608677398366e-27
PLELPO000016, PLPRCHM00014, 2.7155008418266248e-27
HU0000089198, LT0000128621, 4.401751102402594e-27
PLPONAR00012, PLZSTAL00012, 4.534930290215801e-27
PLMSTSD00019, PLNTSYS00013, 4.715081818792429e-27
PLELPO000016, PLRAFAK00018, 6.763797157612063e-27
PLESTHN00018, PLKPPD000017, 8.039722464613534e-27
PLESTHN00018, PLTIM0000016, 1.127428651087207e-26
PLESTHN00018, PLNFI0600010, 1.1765818899254681e-26
PLESTHN00018, PLMCIMG00012, 1.2746011814263948e-26
PLSANWL00012, PLTRFRM00018, 1.309132402534325e-26
PLESTHN00018, PLLPP0000011, 1.6959309331968037e-26
PLELPO000016, PLRELPL00014, 2.3599109985800053e-26
PLESTHN00018, PLXPLUS00013, 3.564098150579507e-26
PLESTHN00018, PLMOBRK00013, 5.690087887391115e-26
LU0122624777, PLZSTAL00012, 8.984232062415741e-26
PLESTHN00018, PLKNOPL00014, 9.671612973252061e-26
PLESTHN00018, PLNFI0700018, 1.3582090235964946e-25
PLESTHN00018, PLINPRO00015, 1.7046464205263371e-25
PLESTHN00018, PLKLSTN00017, 4.018617501168567e-25
PLELPO000016, PLMSTZB00018, 4.392312086859411e-25
PLDUDA000016, PLEURCH00011, 4.634989428510883e-25
PLESTHN00018, PLMWTRD00013, 5.21574792133838e-25
PLESTHN00018, PLSNZKA00033, 6.4023991676307195e-25
PLESTHN00018, PLZSTAL00012, 8.073650489139884e-25
PLESTHN00018, PLRESBD00032, 8.442045866028715e-25
PLELPO000016, PLPEKPL00010, 1.102099043630365e-24
PLELPO000016, PLKOMPP00017, 1.1305784127633607e-24
PLESTHN00018, PLVNTIN00011, 1.3075434357112635e-24
PLESTHN00018, PLPTNTS00019, 2.391374143465172e-24
PLRAFAK00018, PLVSTLA00011, 2.445260263036978e-24
PLBSK0000017, PLMDCLG00015, 2.490729429555166e-24
PLIZCJR00017, PLLWBGD00016, 2.8529209421384294e-24
PLESTHN00018, PLIDMSA00044, 5.773359436815823e-24
PLINTKS00013, PLTWRNV00013, 1.0559998301498595e-23
PLESTHN00018, PLKOMPP00017, 2.343571657781276e-23
PLELPO000016, PLLUBAW00013, 4.036234349618097e-23
PLGTC0000037, PLSFNKS00011, 5.426043800492974e-23
PLESTHN00018, PLSOFTB00016, 9.343538708793991e-23
PLESTHN00018, PLK2ITR00010, 1.1662858473546272e-22
PLESTHN00018, PLSELNA00010, 1.2128541601534414e-22
HU0000089198, PLALIOR00045, 1.2692261655275678e-22
PLESTHN00018, PLMUZA000019, 1.4762192372778345e-22
PLESTHN00018, PLPONAR00012, 2.573216658285259e-22
PLESTHN00018, PLINTKS00013, 3.5683781067235443e-22
PLESTHN00018, PLKGHM000017, 4.0495848188311994e-22
PLESTHN00018, PLKMPTR00012, 4.234853810513694e-22
PLECHPS00019, PLKRKCH00019, 4.39006533063375e-22
LU0122624777, PLTRKPL00014, 6.818800789251446e-22
PLESTHN00018, PLMNNCP00011, 7.821347411182043e-22
PLPEPES00018, PLRFMET00016, 1.1704481581498341e-21
PLPZU0000011, PLWTCHN00030, 1.214772424456761e-21
PLATM0000021, PLRNBWT00031, 1.8575618196517327e-21
LU0122624777, PLKRKCH00019, 5.316691699561819e-21
PLECHPS00019, PLKPPD000017, 6.522528611223558e-21
PLPMPOL00031, PLRNBWT00031, 7.288799972411915e-21
PLESTHN00018, PLIPOPM00011, 1.228509069730876e-20
LU0122624777, PLINTRL00013, 1.4243389856744223e-20
LU0122624777, PLCTINT00018, 2.0260314417168505e-20
PLRELPL00014, PLSTPRK00019, 2.1434490692045715e-20
PLATM0000021, PLWRWCK00013, 2.2207848721544056e-20
PLFAMUR00012, PLMSTSD00019, 2.4758046913562223e-20
PLECHPS00019, PLIZCJR00017, 4.9934645838700537e-20
PLPONAR00012, PLRFMET00016, 7.758414830956112e-20
PLFAMUR00012, PLPEPES00018, 7.877443288157115e-20
LU0122624777, PLFAMUR00012, 1.1863674211754204e-19
PLATM0000021, PLINTRL00013, 1.3190080007129555e-19
LU0122624777, PLMWTRD00013, 1.5490456610807435e-19
PLESTHN00018, PLINTBD00014, 2.817594123827788e-19
PLIDMSA00044, PLOPNPL00013, 3.67845889616678e-19
PLECHPS00019, PLZRWZW00012, 3.9162238479425453e-19
PLACTIN00018, PLAPATR00018, 9.277773926001625e-19
LU0122624777, PLOPNPL00013, 1.1355609148543363e-18
LU0122624777, PLABS0000018, 1.7616198999343652e-18
PLATM0000021, PLMWTRD00013, 4.679989163406361e-18
PLPMPOL00031, PLZSTAL00012, 5.85254185262687e-18
PLELKOP00013, PLZRWZW00012, 8.604739242531036e-18
LU0122624777, PLNTSYS00013, 9.053729858719863e-18
PLPONAR00012, PLRNBWT00031, 9.49057217509888e-18
PLATTFI00018, USU827061099, 1.3928944400074355e-17
LU0122624777, LU0327357389, 1.580587467732064e-17
PLELZAB00010, PLTRKPL00014, 2.804422881335487e-17
PLZRWZW00012, PLZSTAL00012, 3.2431761754097817e-17
LU0122624777, PLADVPL00029, 4.3107675764022146e-17
PLECHPS00019, PLWDM0000029, 7.571075996841697e-17
PLDGA0000019, PLNTSYS00013, 1.5311158143824176e-16
PLBSK0000017, PLWNDMB00010, 2.461738817997409e-16
LU0122624777, PLSKLNW00011, 2.580469030867536e-16
PLELKOP00013, PLMWTRD00013, 3.3733266739114105e-16
PLFAMUR00012, PLHELIO00014, 5.035192502325747e-16
AT0000827209, PLTRNSU00013, 5.151044421363931e-16
PLFAMUR00012, PLMKRNP00015, 7.071045103751575e-16
LU0122624777, PLERGIN00015, 8.234396836962735e-16
PLELKOP00013, PLRNBWT00031, 8.295160585651314e-16
PLIDMSA00044, PLZSTAL00012, 1.2515489360313733e-15
PLDGA0000019, PLLCCRP00017, 1.4648356710672846e-15
PLBSK0000017, PLVOXEL00014, 1.7911975563728697e-15
PLFERUM00014, PLMKRNP00015, 2.0275403247582727e-15
PLSTLEX00019, PLTALEX00017, 2.3590115515979594e-15
LU0646112838, PLSNTFG00017, 2.7065663844522532e-15
PLELKOP00013, PLWRWCK00013, 3.0913320052430663e-15
PLBSK0000017, PLZAMET00010, 3.4678211556034804e-15
LU0122624777, PLRNBWT00031, 4.4866390946016805e-15
PLATM0000021, PLKRKCH00019, 6.138346224457387e-15
PLATM0000021, PLOPNPL00013, 8.139623356936988e-15
PLFAMUR00012, PLPONAR00012, 1.1146441901403723e-14
PLIDMSA00044, PLMKRNP00015, 1.247927916458831e-14
NL0011882741, PLTRMRX00011, 1.4587614113119042e-14
PLNFI0700018, PLZRWZW00012, 1.5590872123464375e-14
PLECHPS00019, PLSFNKS00011, 1.7827177633855453e-14
PLECHPS00019, PLRESBD00032, 2.221765345068781e-14
AT0000827209, PLLZPSK00019, 3.052506497953388e-14
LU0122624777, PLWELTN00012, 3.1444493811617783e-14
PLFERUM00014, PLPMPOL00031, 4.056127231265875e-14
PLPONAR00012, PLUNMST00014, 5.255958012415007e-14
PLIDMSA00044, PLKRKCH00019, 5.265979589760618e-14
PLAPATR00018, PLSFNKS00011, 5.798256585113378e-14
PLECHPS00019, PLZSTAL00012, 6.397087632751687e-14
LU0122624777, PLSANWL00012, 8.201581637371208e-14
PLKLNR000017, PLKRKCH00019, 8.292795386951227e-14
LU0122624777, PLWDM0000029, 9.724826813440255e-14
LU0122624777, PLIQPRT00017, 1.097022604762608e-13
LU0122624777, PLPRGNK00017, 1.1754678459677185e-13
PLFAMUR00012, PLKLSTN00017, 1.2153375281180726e-13
PLKLNR000017, PLKRINK00014, 1.2875909260011881e-13
PLPONAR00012, PLVSTLA00011, 1.2947280251277425e-13
PLGSPR000014, PLZAMET00010, 1.4761810889990167e-13
PLNFI0500012, PLTELL000023, 1.7203790814995008e-13
PLSKTAN00010, PLUNMST00014, 1.9385651760368456e-13
PLLZPSK00019, PLSFNKS00011, 1.9984324414490386e-13
LU0122624777, PLKGNRC00015, 2.0186886056962155e-13
LU0122624777, PLKRINK00014, 2.177909457266863e-13
PLATM0000021, PLERGIN00015, 2.385963895616091e-13
PLKLNR000017, PLMKRNP00015, 2.6959075335824736e-13
PLELEKT00016, PLKGNRC00015, 2.7245324277531923e-13
PLELZAB00010, PLSKLNW00011, 2.8420069874746487e-13
PLPONAR00012, PLZRWZW00012, 3.3488954851084527e-13
PLBAUMA00017, PLTRKPL00014, 3.5397936961231757e-13
PLELKOP00013, PLIDMSA00044, 3.6654514359325974e-13
PLGSPR000014, PLKNOPL00014, 3.906998802416167e-13
LU0122624777, PLZCPLC00036, 4.257080853813358e-13
PLMSTSD00019, PLRFMET00016, 4.272294332220978e-13
PLKMPTR00012, PLPZBDT00013, 4.4053979332462105e-13
LU0122624777, PLHELIO00014, 4.597586146463793e-13
LU0122624777, PLTALEX00017, 4.724899458981448e-13
LU0122624777, PLPLSEP00013, 5.364889918075304e-13
PLATM0000021, PLZSTAL00012, 5.707670357673545e-13
LU0122624777, PLLSSFT00016, 7.442070380080549e-13
PLBAUMA00017, PLOPNPL00013, 7.837121295654833e-13
LU0122624777, PLCOMAR00012, 7.900813361313315e-13
LU0122624777, PLNFI1200018, 8.251583115367868e-13
PLNFI0500012, PLZAPUL00057, 8.326642851171376e-13
LU0122624777, PLKGHM000017, 8.939418463395368e-13
LU0122624777, PLZAPUL00057, 9.802906180600149e-13
LU0122624777, PLPEKPL00010, 1.0310706994159971e-12
PLPONAR00012, PLRELPL00014, 1.051306007379876e-12
PLELEKT00016, PLLSSFT00016, 1.1308773214884571e-12
LU0122624777, PLPWRMD00011, 1.386856222849694e-12
PLFAMUR00012, PLSEKO000014, 1.41817220233139e-12
LU0122624777, PLAMBRA00013, 1.4288751260551235e-12
PLELEKT00016, PLSANWL00012, 1.6531782515925033e-12
LU0122624777, PLERTEL00011, 2.2469629165266845e-12
PLELEKT00016, PLTALEX00017, 2.3614330790341244e-12
PLELEKT00016, PLZAPUL00057, 2.4731095428555626e-12
LU0122624777, PLSNZKA00033, 2.7035337182064355e-12
LU0122624777, PLACTIN00018, 2.720553552745299e-12
PLFERUM00014, PLHELIO00014, 2.749450399005884e-12
PLMDCLG00015, PLPSSUS00018, 2.7633475121989007e-12
LU0122624777, PLSELNA00010, 2.804775436957342e-12
PLELEKT00016, PLZCPLC00036, 3.4193458918290255e-12
PLZBMZC00019, PLZSTAL00012, 3.5184819398183624e-12
PLBIOTN00029, PLSFNKS00011, 3.66474965865727e-12
PLLUBAW00013, PLNFI0500012, 3.733049479670505e-12
PLELEKT00016, PLSNZKA00033, 3.869560737110599e-12
PLVSTLA00011, PLZSTAL00012, 4.273278456540175e-12
PLZBMZC00019, PLZCPLC00036, 4.364613530883594e-12
PLELEKT00016, PLMSTWS00019, 4.661982626953234e-12
PLIDMSA00044, PLNTSYS00013, 4.772565897419513e-12
LU0122624777, PLMKRNP00015, 5.011891665753736e-12
PLKOMPP00017, PLNFI1200018, 5.2356201623388056e-12
PLELEKT00016, PLNFI1200018, 5.362595058627959e-12
LU0122624777, PLKPPD000017, 5.839677311952314e-12
LU0122624777, PLWOJAS00014, 5.916205779636712e-12
PLZBMZC00019, PLZRWZW00012, 5.992932452411179e-12
PLELEKT00016, PLNVITA00018, 6.016169969277305e-12
LU0122624777, PLNVITA00018, 6.19327979554794e-12
PLBAUMA00017, PLCTINT00018, 6.295903014787384e-12
PLELEKT00016, PLOPTTC00011, 6.336254639334028e-12
LU0122624777, PLKOMPP00017, 6.512917707566825e-12
PLECHPS00019, PLPANVA00013, 6.898651082452277e-12
LU0122624777, LU0607203980, 6.9092699923918566e-12
PLSANWL00012, PLSTLSK00016, 6.949393339260689e-12
AT0000827209, PLLSSFT00016, 6.9681929004535414e-12
PLELEKT00016, PLERTEL00011, 7.165212375797158e-12
LU0122624777, PLCFRPT00013, 7.522817678281904e-12
PLELEKT00016, PLHELIO00014, 7.564749118007539e-12
PLELEKT00016, PLPLSEP00013, 7.71858498423487e-12
PLDUDA000016, PLKLNR000017, 7.83197976808292e-12
PLPEPES00018, PLPONAR00012, 8.77077413832278e-12
PLDGA0000019, PLMRCOR00016, 8.81755641231489e-12
LU0122624777, PLUNBEP00015, 1.0319201711739322e-11
PLMSTSD00019, PLVSTLA00011, 1.0440099349651297e-11
PLELEKT00016, PLKGHM000017, 1.1152936008572716e-11
PLELEKT00016, PLPKN0000018, 1.1414718365886282e-11
PLELEKT00016, PLERGZB00014, 1.141861547882138e-11
PLELEKT00016, PLEURCH00011, 1.2505878474523029e-11
LU0122624777, PLERGZB00014, 1.2653390486787724e-11
NL0009508712, PLNEWAG00012, 1.320011468228076e-11
HU0000089198, LU0646112838, 1.4418295803684935e-11
PLSANWL00012, PLSTLPD00017, 1.4484833771116551e-11
PLATTFI00018, PLPSSUS00018, 1.4997064570124022e-11
PLINTSP00038, PLKRKCH00019, 1.5446491283559352e-11
LU0122624777, PLLUBAW00013, 1.648957136974923e-11
PLRAFAK00018, PLZRWZW00012, 1.851839101740009e-11
PLSANWL00012, PLVSTLA00011, 1.8982720199561706e-11
PLELEKT00016, PLKETY000011, 1.9184918785509425e-11
PLKLNR000017, PLNTSYS00013, 1.9459274310815688e-11
PLZBMZC00019, PLZTKMA00017, 2.1884835209764023e-11
LU0122624777, PLDUDA000016, 2.7381221195763227e-11
PLFAMUR00012, PLVSTLA00011, 2.7670847830814783e-11
LU0122624777, PLOPTTC00011, 2.8257783280921962e-11
LU0122624777, PLPKN0000018, 2.8259698181457653e-11
LU0122624777, PLREMAK00016, 3.099584599378279e-11
PLELEKT00016, PLKOMPP00017, 3.258465822585192e-11
LU0646112838, PLALIOR00045, 3.2870930349995025e-11
LU0122624777, PLXPLUS00013, 3.357970567889391e-11
PLNFI0700018, PLPONAR00012, 3.371915322889818e-11
PLELEKT00016, PLFORTE00012, 3.504173913732947e-11
PLCMPLD00016, PLLSSFT00016, 3.537736261753076e-11
PLBAUMA00017, PLUNBEP00015, 3.596281666415753e-11
PLELEKT00016, PLWAWEL00013, 3.608402220306346e-11
PLBAUMA00017, PLPWRMD00011, 3.8230445416687295e-11
PLIDMSA00044, PLKRINK00014, 4.5185563461935916e-11
PLIDMSA00044, PLKPPD000017, 4.6295735289829635e-11
LU0122624777, PLBH00000012, 4.657686105023472e-11
PLKMPTR00012, PLUNBEP00015, 4.666275256574606e-11
PLDUDA000016, PLTRFRM00018, 4.674635405120102e-11
PLELEKT00016, PLINTCS00010, 4.690072411210448e-11
PLATM0000021, PLKPPD000017, 4.7271291592878716e-11
LU0122624777, PLINTCS00010, 5.2572228874470515e-11
LU0122624777, PLCAMMD00032, 5.3074916695440666e-11
AT0000827209, PLMSTPL00018, 5.470912845401923e-11
LU0122624777, PLAPATR00018, 5.5270954512601565e-11
LU0122624777, PLCCC0000016, 5.8129941983285746e-11
PLTRNSU00013, PLZSTAL00012, 5.908313451163116e-11
LU0122624777, PLBIOTN00029, 6.227964175745166e-11
PLDUDA000016, PLPKO0000016, 6.352655777509359e-11
LU0122624777, PLECMNG00019, 6.433344641450135e-11
LU0122624777, PLAB00000019, 6.516543367903677e-11
LU0122624777, PLMFO0000013, 6.54120095561259e-11
LU0122624777, PLKETY000011, 6.659404089512912e-11
PLELEKT00016, PLLUBAW00013, 6.96985044436555e-11
PLBSK0000017, PLTOYA000011, 7.930112809566563e-11
PLBRSZW00011, PLDUDA000016, 7.936595507841479e-11
LU0122624777, PLLBPRT00013, 7.949257336434817e-11
PLMDCLG00015, PLULTGM00013, 8.193755888939473e-11
PLIDMSA00044, PLWELTN00012, 8.442366934944075e-11
PLIDMSA00044, PLRNBWT00031, 8.618055455239275e-11
PLELEKT00016, PLTRFRM00018, 8.629297708141742e-11
PLELEKT00016, PLZTKMA00017, 9.346253297338232e-11
NL0011882741, PLWRKSR00019, 9.354525726008576e-11
PLLENTX00010, PLSEKO000014, 9.410628678140598e-11
PLELEKT00016, PLELPO000016, 1.072798419226784e-10
PLGMNGF00017, PLNEWAG00012, 1.1661870313749832e-10
LU0122624777, PLSTIGR00012, 1.2040231852114113e-10
NL0009508712, PLMRCTR00015, 1.236124821997376e-10
PLDGA0000019, PLMKRNP00015, 1.2516701377756127e-10
PLBAUMA00017, PLCFRPT00013, 1.2845967327427792e-10
PLKLNR000017, PLZSTAL00012, 1.2856488887696217e-10
PLKMPTR00012, PLPHRMN00011, 1.2921716427095018e-10
PLPEPES00018, PLZRWZW00012, 1.3764353040784022e-10
PLELKOP00013, PLOPNPL00013, 1.4427349720838528e-10
LU0122624777, PLINPRO00015, 1.456816740028133e-10
PLELEKT00016, PLZSTAL00012, 1.4788124942801166e-10
PLHDRTR00013, PLOPNPL00013, 1.5174899861232549e-10
LU0122624777, NL0000686509, 1.5954043500227255e-10
PLPONAR00012, PLSFNKS00011, 1.7594960483176144e-10
PLMSTSD00019, PLZRWZW00012, 1.812442991559731e-10
PLCMPLD00016, PLZRWZW00012, 1.819128145159042e-10
EE3100099391, PLCOMPR00010, 1.8395862389786828e-10
PLELEKT00016, PLPEKPL00010, 1.915786645681999e-10
AT0000827209, PLMSTZB00018, 1.9666705051591647e-10
PLSKTAN00010, PLSOFTB00016, 2.1739312534994054e-10
PLINTSP00038, PLZSTAL00012, 2.2712191392576144e-10
LU2237380790, PLONCTH00011, 2.338819399123473e-10
FR0000060873, PLVVDGM00014, 2.4525998225024725e-10
PLBAUMA00017, PLWOJAS00014, 2.4741622781112926e-10
PLRELPL00014, PLRFMET00016, 2.4988453387673775e-10
PLSANWL00012, PLTIM0000016, 2.7001321338360345e-10
PLDGA0000019, PLKRINK00014, 2.763654328648013e-10
LU0122624777, PLELPO000016, 2.8601707447060917e-10
LU0122624777, PLTRFRM00018, 2.9051913189495425e-10
EE3100099391, PLECMNG00019, 3.0628209470097786e-10
LU0122624777, PLWRWCK00013, 3.1763409335390754e-10
PLGSPR000014, PLSARE000013, 3.374699897170222e-10
PLECHPS00019, PLHELIO00014, 3.897157932274929e-10
PLSTLPF00012, PLZTKMA00017, 4.188249710764691e-10
PLMSTSD00019, PLPONAR00012, 4.253973194594794e-10
HU0000089198, PLZEPAK00012, 4.644641688786873e-10
PLINCLT00015, PLZSTAL00012, 4.701436401136865e-10
LU0122624777, PLBZ00000044, 4.718932749636652e-10
PLKMPTR00012, PLMRVPL00016, 4.772900074849425e-10
PLIDMSA00044, PLUNMST00014, 4.877531450867082e-10
LU0122624777, PLESTHN00018, 5.135528861915299e-10
NL0011882741, PLKLSTN00017, 5.14820051588762e-10
PLSTPRK00019, PLTRCZN00016, 5.150154100506513e-10
PLKOMPP00017, PLTIM0000016, 5.161382558994579e-10
PLKMPTR00012, PLTRKPL00014, 5.258926986795815e-10
PLELEKT00016, PLREMAK00016, 5.266027191623946e-10
LU0122624777, PLBRE0000012, 5.379115571253491e-10
PLELEKT00016, PLKRINK00014, 5.568833694842457e-10
PLCNTSL00014, PLLSSFT00016, 5.652810117282194e-10
PLSTLSK00016, PLZRWZW00012, 5.694625108133045e-10
PLKMPTR00012, PLPWRMD00011, 6.010962445316004e-10
PLINTBD00014, PLWOJAS00014, 6.065714838490731e-10
NL0009508712, PLCMRAY00029, 6.773544417913388e-10
LU0122624777, PLDMDVL00012, 6.840808663763054e-10
AT0000827209, PLBH00000012, 7.030303251325591e-10
PLCMPLD00016, PLERTEL00011, 7.065316567551599e-10
PLCNTSL00014, PLUNMST00014, 7.173199644429613e-10
PLDGA0000019, PLERBUD00012, 7.290447403681968e-10
PLBAUMA00017, PLMKRNP00015, 7.374251357797136e-10
NL0011882741, PLIZCJR00017, 7.684719798524579e-10
PLKMPTR00012, PLSONEL00011, 7.958185767265918e-10
PLTELL000023, PLXPLUS00013, 8.108754971777545e-10
PLBAUMA00017, PLHELIO00014, 8.167246038954179e-10
LU0122624777, PLBGZ0000010, 8.617230289338585e-10
PLFAMUR00012, PLZRWZW00012, 8.957592857532266e-10
PLFERUM00014, PLLSSFT00016, 9.192355528188132e-10
PLSTLPF00012, PLTRFRM00018, 9.335927091012817e-10
PLELEKT00016, PLMUZA000019, 9.57700011883373e-10
PLRESBD00032, PLTLKPL00017, 9.828826862112893e-10
PLCMRAY00029, PLFEERM00018, 1.0395170924280867e-09
LU0122624777, PLMSTWS00019, 1.0559393488813954e-09
PLSTLSK00016, PLWRWCK00013, 1.0563034750512623e-09
EE3100099391, HU0000089198, 1.064037213796339e-09
AT0000827209, PLBAUMA00017, 1.0738481697864469e-09
LU0122624777, PLFORTE00012, 1.1181342292970193e-09
PLPONAR00012, PLWRWCK00013, 1.1316763891477002e-09
PLINTBD00014, PLINTKS00013, 1.141140675808388e-09
LU0122624777, PLATLPL00018, 1.220672760492627e-09
PLHDRTR00013, PLRNBWT00031, 1.2595871376164163e-09
NL0011882741, PLPROJP00018, 1.264049458033078e-09
PLELEKT00016, PLINSTK00013, 1.2767822967829572e-09
PLINTSP00038, PLOPNPL00013, 1.399786230199024e-09
PLINCLT00015, PLNTSYS00013, 1.4382495827752196e-09
PLGMNGF00017, PLKRKGL00012, 1.4516862805355829e-09
PLGMNGF00017, PLMVGMS00011, 1.6295501096953321e-09
PLGSPR000014, PLSTIGR00012, 1.636592086028071e-09
NL0009508712, PLENERG00022, 1.6720538587877621e-09
AT0000827209, PLNTSYS00013, 1.8336071794843067e-09
PLELEKT00016, PLMNNCP00011, 1.8849063370621077e-09
LU0122624777, PLDEBCA00016, 1.9519586149346243e-09
LU0122624777, PLMRCTR00015, 2.0369541213640736e-09
NL0011882741, PLADVPL00029, 2.1084551060022852e-09
PLLUBAW00013, PLPEPES00018, 2.1369970818154623e-09
AT0000827209, PLMNNCP00011, 2.1563113730070568e-09
PLINTBD00014, PLSELNA00010, 2.2289720938929787e-09
LU0122624777, PLK2ITR00010, 2.249849686914902e-09
PLIDMSA00044, PLMWTRD00013, 2.2736766666662857e-09
PLELEKT00016, PLMKRNP00015, 2.330762165182131e-09
AT0000827209, PLUNBEP00015, 2.3310059451699246e-09
PLNFI0700018, PLOPNPL00013, 2.394973217080948e-09
PLELEKT00016, PLSOFTB00016, 2.5924773129715995e-09
PLVSTLA00011, PLZRWZW00012, 2.6150672028896625e-09
PLHDRTR00013, PLKRKCH00019, 2.7780478811542007e-09
PLCMRAY00029, PLGLBLC00011, 2.8615862392647453e-09
PLFERUM00014, PLINCLT00015, 2.866714115883453e-09
PLFERUM00014, PLKLSTN00017, 2.945767078107423e-09
PLELKOP00013, PLPONAR00012, 2.9839441705042684e-09
PLRFMET00016, PLSNZKA00033, 3.0077619884252495e-09
PLKMPTR00012, PLMSTSD00019, 3.038761372467299e-09
PLLUBAW00013, PLLZPSK00019, 3.05492331688404e-09
PLATTFI00018, PLONCTH00011, 3.1117183374685086e-09
PLFERUM00014, PLINTSP00038, 3.2463779413987335e-09
PLCNTSL00014, PLHELIO00014, 3.3021055812262573e-09
PLATM0000021, PLPANVA00013, 3.330206740322649e-09
IT0005239360, PLWRWCK00013, 3.3404317217593247e-09
PLINTBD00014, PLINTRL00013, 3.418732558158552e-09
PLGMNGF00017, PLPMPOL00031, 3.4730322897461813e-09
PLLUBAW00013, PLNFI0600010, 3.6553993297863584e-09
EE3100099391, PLANSWR00019, 3.756116716612155e-09
PLACTIN00018, PLATPRT00018, 3.778301590005413e-09
PLINTBD00014, PLZBMZC00019, 3.80534336308158e-09
PLELPO000016, PLNFI1200018, 3.816389743823315e-09
PLUNMST00014, PLZSTAL00012, 3.848171270539527e-09
AT0000827209, PLSELNA00010, 4.101388552493498e-09
PLBAUMA00017, PLSELNA00010, 4.106223411378978e-09
LU0122624777, PLINSTK00013, 4.112309326081537e-09
LU0122624777, PLKNOPL00014, 4.198133125191708e-09
PLBAUMA00017, PLSKLNW00011, 4.210078528212413e-09
LU0122624777, PLBUDMX00013, 4.319963934801389e-09
LU0122624777, PLSTLEX00019, 4.374513279808123e-09
NL0011882741, PLCELPD00013, 4.389079926783217e-09
PLINTBD00014, PLUNBEP00015, 4.502313868702668e-09
LU0611262873, PLMFO0000013, 4.508451526916837e-09
LU0122624777, PLVTLGD00010, 4.517871779710599e-09
PLELEKT00016, PLLPP0000011, 4.929477859403169e-09
PLSFNKS00011, PLZSTAL00012, 5.120710053548889e-09
PLELEKT00016, PLKRKCH00019, 5.1874996405989526e-09
PLMDCLG00015, PLMLSTM00015, 5.2170897843343334e-09
AT0000827209, PLPWRMD00011, 5.479810056980765e-09
PLGMNGF00017, PLSUNEX00013, 5.482037295161313e-09
PLATTFI00018, PLMLSTM00015, 5.4985064590113966e-09
PLSANWL00012, PLWAWEL00013, 5.7293980545805076e-09
PLPMPOL00031, PLTRNSU00013, 5.767205476710373e-09
PLBSK0000017, PLSELVT00013, 6.021671829229587e-09
PLINTBD00014, PLXPLUS00013, 6.052992652000324e-09
PLINTBD00014, PLSTLPD00017, 6.1185776588723255e-09
PLSOFTB00016, PLUNMST00014, 6.151590720626414e-09
PLELZAB00010, PLIQPRT00017, 6.413539315048402e-09
PLMXCMS00016, PLXTPL000018, 6.433989226119185e-09
LU0611262873, PLMLPGR00017, 6.880530317767858e-09
PLELEKT00016, PLRAFAK00018, 6.968564628172242e-09
PLINTSP00038, PLWDM0000029, 7.012459234605492e-09
PLINTBD00014, PLMKRNP00015, 7.031638494245305e-09
AT0000827209, PLPONAR00012, 7.1559483593252345e-09
NL0009508712, PLMKRNP00015, 7.174569307280832e-09
PLINTBD00014, PLMOBRK00013, 7.317641072904251e-09
PLPONAR00012, PLSTLSK00016, 7.322955770691785e-09
PLINTBD00014, PLZSTAL00012, 7.3372461341438084e-09
PLINTBD00014, PLMSTSD00019, 7.339651005679799e-09
LU0122624777, PLEURCH00011, 7.390927195403811e-09
PLINTBD00014, PLLUBAW00013, 7.43248263547502e-09
PLELEKT00016, PLTLKPL00017, 7.609857109369085e-09
NL0009508712, PLFAMUR00012, 7.645149264718417e-09
PLCMRAY00029, PLMRCTR00015, 7.79074237613483e-09
PLINTBD00014, PLKPPD000017, 7.903440663835926e-09
PLIDMSA00044, PLINTSP00038, 7.986206465240862e-09
PLBRSZW00011, PLKRINK00014, 8.402025176383209e-09
PLINTBD00014, PLPRCHM00014, 8.44288649666995e-09
PLINTBD00014, PLKLNR000017, 8.469355108517949e-09
PLGSPR000014, PLINPRO00015, 8.713117343007798e-09
PLFAMUR00012, PLRELPL00014, 8.724408703742796e-09
AT0000827209, PLSOFTB00016, 8.829861602884927e-09
PLECHPS00019, PLMAKRM00019, 8.876327092538167e-09
PLMNRTR00012, PLZCPLC00036, 9.379322289308113e-09
PLECHPS00019, PLNTSYS00013, 9.601478588456153e-09
PLINTBD00014, PLKNOPL00014, 9.609781654627811e-09
PLKLNR000017, PLPANVA00013, 9.65259938697346e-09
PLBIOPL00013, PLSHPR000021, 9.693575104396052e-09
PLKLNR000017, PLOPNPL00013, 1.0078502417113582e-08
PLINTBD00014, PLIZCJR00017, 1.020352571781967e-08
PLMSTSD00019, PLSEKO000014, 1.0210443264411314e-08
PLSKTAN00010, PLVSTLA00011, 1.0495325648559337e-08
PLGMNGF00017, PLKPPD000017, 1.0610644401355083e-08
PLBSK0000017, PLSNKTK00019, 1.067284886630318e-08
PLSKTAN00010, PLTLKPL00017, 1.0785285574953966e-08
NL0009508712, PLACTIN00018, 1.098526301333391e-08
PLINTBD00014, PLSOFTB00016, 1.1063920307176718e-08
AT0000827209, PLMKRNP00015, 1.1275925472292304e-08
PLLZPSK00019, PLMKRNP00015, 1.1405060696960936e-08
PLELKOP00013, PLERGIN00015, 1.1462591476628776e-08
AT0000827209, PLHELIO00014, 1.1561910165859967e-08
LU0122624777, PLAMICA00010, 1.1735677370425667e-08
PLINTBD00014, PLZATRM00012, 1.1738312110456527e-08
AT0000827209, PLDEBCA00016, 1.1898362546956861e-08
PLGMNGF00017, PLPCCRK00076, 1.1959548215227934e-08
PLINTBD00014, PLTRKPL00014, 1.2086767957460525e-08
AT0000827209, PLWOJAS00014, 1.2090329367757047e-08
PLATM0000021, PLPMPOL00031, 1.2430047139199047e-08
LU0122624777, PLMSTPL00018, 1.2570377003374922e-08
PLSKTAN00010, PLSTLSK00016, 1.2696808038754415e-08
PLKOMPP00017, PLPEPES00018, 1.30141735659694e-08
PLBSK0000017, PLENLMD00017, 1.3183211168969698e-08
NL0009508712, PLHMINW00016, 1.3725091363672345e-08
PLGSPR000014, PLKRK0000010, 1.3742989349268245e-08
PLINTBD00014, PLSTIGR00012, 1.378228653219931e-08
PLCNTSL00014, PLERTEL00011, 1.3874250022939584e-08
PLDUDA000016, PLSTLPF00012, 1.4257030088156983e-08
LU0122624777, PLZTKMA00017, 1.4266316253012055e-08
PLIDMSA00044, PLPANVA00013, 1.4340855490830565e-08
PLINTBD00014, PLMNRTR00012, 1.4404359697465449e-08
AT0000827209, CZ0005112300, 1.4537797600952455e-08
AT0000827209, PLCFRPT00013, 1.4973980010602986e-08
PLLUBAW00013, PLSKTAN00010, 1.5238997125770457e-08
PLPMPOL00031, PLSTPRK00019, 1.5326949371925774e-08
PLSFNKS00011, PLTRNSU00013, 1.5467840556042423e-08
PLELEKT00016, PLMSTPL00018, 1.593044027648196e-08
PLLENAL00015, PLZSTAL00012, 1.5990205735199656e-08
PLLUBAW00013, PLSTLPD00017, 1.608313580026959e-08
PLINTBD00014, PLPLSEP00013, 1.6250879720808215e-08
AT0000827209, PLPRGNK00017, 1.698249386982124e-08
PLTLKPL00017, PLTRMRX00011, 1.7377438411460804e-08
PLPONAR00012, PLTRNSU00013, 1.8027574290252622e-08
PLHDRTR00013, PLKRINK00014, 1.8035973002639035e-08
PLKMPTR00012, PLSELNA00010, 1.867976635213381e-08
AT0000827209, PLIDMSA00044, 1.9063655890225467e-08
PLLENTX00010, PLWNDMB00010, 1.9111559371689043e-08
LU0122624777, PLSTPRK00019, 2.008703466554994e-08
PLLUBAW00013, PLNFI1000012, 2.0237373385236356e-08
LU0646112838, PLPILAB00012, 2.0357964056477392e-08
PLRFMET00016, PLSTLEX00019, 2.0498508433270365e-08
PLDGA0000019, PLRFMET00016, 2.0628387641560862e-08
PLPROJP00018, PLSEKO000014, 2.0661590151642047e-08
LU0122624777, PLWAWEL00013, 2.076924700605498e-08
PLRELPL00014, PLZRWZW00012, 2.1185433959312796e-08
PLIDMSA00044, PLIQPRT00017, 2.147161818712338e-08
PLPMPOL00031, PLWDM0000029, 2.1577564740651647e-08
PLGRNKT00019, PLVNDEX00013, 2.1756449438254368e-08
HU0000089198, SK1120010287, 2.2500119103290187e-08
HU0000089198, PLWRKSR00019, 2.2854487413735692e-08
PLCMPLD00016, PLMKRNP00015, 2.3274214207761402e-08
PLATM0000021, PLRESBD00032, 2.3465980371339506e-08
PLLUBAW00013, PLSTLSK00016, 2.3904039901251433e-08
PLLENAL00015, PLPANVA00013, 2.402928940145579e-08
PLELZAB00010, PLZRWZW00012, 2.4072629699278145e-08
NL0009508712, PLERGIN00015, 2.417639179689381e-08
PLGMNGF00017, PLIPOPM00011, 2.4208106797082585e-08
PLINTBD00014, PLINTGR00013, 2.4258896174893823e-08
LU0611262873, PLPSSUS00018, 2.429985932854044e-08
PLWELTN00012, PLZRWZW00012, 2.438462800398511e-08
PLELEKT00016, PLPANVA00013, 2.44418514858043e-08
PLBRSZW00011, PLERBUD00012, 2.5459357527943484e-08
PLGTC0000037, PLKRK0000010, 2.5664849484850285e-08
PLFERUM00014, PLSEKO000014, 2.6153135373700354e-08
PLKLNR000017, PLPONAR00012, 2.6250252636636588e-08
AT0000827209, PLINTSP00038, 2.6256456399384634e-08
AT0000827209, PLCMP0000017, 2.6292046752133688e-08
PLINTBD00014, PLVNDEX00013, 2.6660402608840272e-08
PLLUBAW00013, PLNFI1200018, 2.6779279756760322e-08
PLIDMSA00044, PLINTRL00013, 2.7177411787843848e-08
PLINTBD00014, PLTIM0000016, 2.8009904647814017e-08
PLLUBAW00013, PLTELL000023, 2.8319941453124367e-08
AT0000A21KS2, EE3100100835, 2.861934049221404e-08
PLCAMMD00032, PLSMFBC00016, 2.865447253793379e-08
PLINTBD00014, PLKOMPP00017, 2.8975227671668264e-08
PLATM0000021, PLIZCJR00017, 2.9155149251871662e-08
AT0000827209, PLACTIN00018, 2.9837227869045825e-08
PLPONAR00012, PLTELL000023, 2.984766261984543e-08
PLIDMSA00044, PLINCLT00015, 3.015770752941135e-08
PLLZPSK00019, PLMWTRD00013, 3.0421937653423625e-08
PLBAUMA00017, PLMRVPL00016, 3.04577303020817e-08
PLATREM00017, PLSTIGR00012, 3.075246372207647e-08
PLINTBD00014, PLVOTUM00016, 3.160167130366368e-08
PLINTBD00014, PLNFI0700018, 3.1751358172106844e-08
PLMNRTR00012, PLZAPUL00057, 3.2462750875646584e-08
PLINTBD00014, PLNFI0500012, 3.264709193684051e-08
AT0000827209, PLNFI1200018, 3.347508718983707e-08
HU0000089198, PLTRMRX00011, 3.3694902824406434e-08
AT0000827209, PLSANWL00012, 3.4178067860297697e-08
PLSKTAN00010, PLWAWEL00013, 3.4491303753108185e-08
AT0000827209, PLAMBRA00013, 3.4511965069458876e-08
PLKMPTR00012, PLZATRM00012, 3.484939714932636e-08
LU0611262873, PLNEWAG00012, 3.524864113129633e-08
PLELZAB00010, PLWELTN00012, 3.561574829827775e-08
PLBSK0000017, PLGRODN00015, 3.571101887805477e-08
LU0122624777, PLLPP0000011, 3.598362020491217e-08
NL0009508712, PLKRKCH00019, 3.7208758947471376e-08
PLECHPS00019, PLMOJ0000015, 3.746843755763093e-08
PLLUBAW00013, PLZAPUL00057, 3.812818500877321e-08
AT0000827209, PLKGNRC00015, 3.882301744756105e-08
PLELKOP00013, PLIZCJR00017, 3.8948902008240375e-08
AT0000827209, PLBRE0000012, 3.957334733725467e-08
PLIDMSA00044, PLPMPOL00031, 3.9879404417117655e-08
PLFAMUR00012, PLLSSFT00016, 4.088087293137978e-08
LU0611262873, PLENERG00022, 4.332748350961332e-08
EE3100099391, PLMNRTR00012, 4.4468657917823824e-08
PLBAUMA00017, PLINTRL00013, 4.488137474666316e-08
AT0000827209, PLKOMPP00017, 4.504593334596213e-08
PLRFMET00016, PLTALEX00017, 4.547998190755188e-08
PLINTSP00038, PLKPPD000017, 4.56948158450814e-08
PLINTBD00014, PLPZU0000011, 4.576057221651779e-08
PLINTBD00014, PLZAPUL00057, 4.6540479758715173e-08
PLRFMET00016, PLZTKMA00017, 4.6545247815706116e-08
PLFAMUR00012, PLSKTAN00010, 4.719877473342251e-08
PLLUBAW00013, PLNFI0700018, 4.744626331585771e-08
NL0009508712, PLEURCH00011, 4.7491038593776486e-08
AT0000827209, PLMSTWS00019, 4.7639105326534256e-08
PLSFNKS00011, PLZRWZW00012, 4.771979228943898e-08
PLBAUMA00017, PLRNBWT00031, 4.845819791878666e-08
PLSKTAN00010, PLTRNSU00013, 4.847070147257949e-08
PLATREM00017, PLINPRO00015, 4.867997400140823e-08
AT0000827209, PLERTEL00011, 4.883057553296599e-08
PLRFMET00016, PLZCPLC00036, 4.89903210382225e-08
PLRESBD00032, PLSNZKA00033, 4.947735175572379e-08
PLPONAR00012, PLSEKO000014, 4.95977576164198e-08
PLSFNKS00011, PLVNTIN00011, 4.997777004446018e-08
AT0000827209, PLZSTAL00012, 5.016510153652346e-08
PLLENTX00010, PLNFI0700018, 5.0789171360732715e-08
AT0000827209, ES0105375002, 5.103628659698876e-08
PLKMPTR00012, PLVSTLA00011, 5.1583245394878496e-08
AT0000827209, PLERGZB00014, 5.185956087490734e-08
PLLZPSK00019, PLOPNPL00013, 5.228118260774372e-08
AT0000827209, PLTALEX00017, 5.325966774198138e-08
PLNFI0700018, PLTRNSU00013, 5.456546515256435e-08
NL0009508712, PLBMECH00012, 5.501015222747794e-08
PLPONAR00012, PLWDM0000029, 5.533504052797955e-08
PLINCLT00015, PLMKRNP00015, 5.672899539621848e-08
NL0011882741, PLIZBLK00010, 5.673573859698347e-08
PLCMRAY00029, PLSNTFG00017, 5.774606761681905e-08
AT0000827209, PLZRWZW00012, 5.80343768554047e-08
PLINTBD00014, PLSANWL00012, 5.847216089444921e-08
PLNFI0700018, PLPEPES00018, 5.8959664417216407e-08
PLSKTAN00010, PLSTLEX00019, 5.932812528667032e-08
LU0122624777, PLPANVA00013, 5.938090490059044e-08
PLINTBD00014, PLNFI1200018, 5.994399407984998e-08
AT0000827209, PLNVITA00018, 6.062447433624767e-08
PLSKTAN00010, PLSTLPD00017, 6.169260690355638e-08
NL0009508712, PLKLNR000017, 6.181510519991943e-08
PLNFI0700018, PLVSTLA00011, 6.206052405567092e-08
NL0009508712, PLCAMMD00032, 6.351252164913422e-08
LU0122624777, PLAPSEN00011, 6.363552637761085e-08
PLPEPES00018, PLUNMST00014, 6.396287779382633e-08
PLSKTAN00010, PLTNDRH00012, 6.434780367402037e-08
PLRFMET00016, PLTLKPL00017, 6.586365142418624e-08
EE3100063686, PLSTLEX00019, 6.596017671079444e-08
PLKMPTR00012, PLWOJAS00014, 6.644380480615674e-08
PLINTBD00014, PLK2ITR00010, 6.711824141680762e-08
PLINTBD00014, PLNFI0600010, 6.727215852007427e-08
LU0122624777, PLECBDZ00013, 6.78451008566199e-08
PLLENTX00010, PLVOXEL00014, 6.875943465091901e-08
PLINTBD00014, PLKRKCH00019, 7.046073042307796e-08
LU0122624777, LU0611262873, 7.140445271898632e-08
EE3100099391, PLRNKPR00014, 7.337128865197844e-08
PLRFMET00016, PLZAPUL00057, 7.337181199446564e-08
AT0000827209, PLPEKPL00010, 7.353913642726465e-08
PLRFMET00016, PLWAWEL00013, 7.363167342200466e-08
PLSKTAN00010, PLTIM0000016, 7.38571593492958e-08
NL0009508712, PLMLPGR00017, 7.439063461691958e-08
PLDUDA000016, PLSANWL00012, 7.531899405194202e-08
PLRESBD00032, PLSTLEX00019, 7.633713904320295e-08
PLRESBD00032, PLRNKPR00014, 7.650462852828214e-08
AT0000827209, PLSFNKS00011, 7.738991934870129e-08
PLINTBD00014, PLIZSTL00015, 7.752290850199505e-08
AT0000827209, PLPLSEP00013, 7.775781312995169e-08
PLFSING00010, PLPKPCR00011, 7.792942536905952e-08
PLINTBD00014, PLTELL000023, 8.096942775602875e-08
PLGMNGF00017, PLLWBGD00016, 8.473356190967234e-08
PLURTST00010, PLZTKMA00017, 8.684595451592388e-08
AT0000827209, PLKRKCH00019, 8.777223111403494e-08
PLINTBD00014, PLSTLSK00016, 8.803983494142705e-08
PLLZPSK00019, PLZSTAL00012, 8.811474907122967e-08
PLLENAL00015, PLRESBD00032, 8.953562949118314e-08
PLINTBD00014, PLNVITA00018, 9.032616176362627e-08
IT0005239360, PLBNFTS00018, 9.473171975218405e-08
LU0122624777, PLMOJ0000015, 9.473843719347975e-08
PLECHPS00019, PLSTPRK00019, 9.491783224151846e-08
LU0122624777, PLRAFAK00018, 9.646979926804239e-08
PLELKOP00013, PLGMSOP00019, 9.649215833243709e-08
PLKMPTR00012, PLZSTAL00012, 9.79714687100807e-08
PLPEKPL00010, PLSNZKA00033, 9.806499855221562e-08
NL0009508712, PLFERUM00014, 9.852810354482105e-08
AT0000827209, PLWELTN00012, 9.902164941742036e-08
AT0000827209, PLBZ00000044, 9.964576816983095e-08
PLIZCJR00017, PLVNDEX00013, 1.0051938424784351e-07
LU0122624777, PLSOFTB00016, 1.0073767315786054e-07
PLINTBD00014, PLQRCUS00012, 1.0119899712405377e-07
PLNFI0600010, PLWDM0000029, 1.0185150449297564e-07
PLSKLNW00011, PLVOTUM00016, 1.0319474092030916e-07
PLNFI0600010, PLPEPES00018, 1.0405880984911302e-07
IT0005239360, PLDUDA000016, 1.0471016524355804e-07
NL0009508712, PLSTPRK00019, 1.0480015795955034e-07
PLIZBLK00010, PLSCPFL00018, 1.0551420703828455e-07
NL0011882741, PLPHN0000014, 1.063054055238888e-07
PLINTBD00014, PLUNMST00014, 1.0776950386861062e-07
PLGMNGF00017, PLMLSTM00015, 1.1029994046908028e-07
HU0000089198, PLATMSI00016, 1.1217279997156489e-07
LU0122624777, PLBOS0000019, 1.1233509125522284e-07
PLMNNCP00011, PLVOTUM00016, 1.1362004788106564e-07
PLELKOP00013, PLKLSTN00017, 1.1999317463922978e-07
AT0000827209, PLINTRL00013, 1.2025703971049507e-07
PLRFMET00016, PLTRFRM00018, 1.2120337096215115e-07
PLINTBD00014, PLKRINK00014, 1.213981444654963e-07
PLINTBD00014, PLPWRMD00011, 1.2426555976288922e-07
PLRFMET00016, PLSANWL00012, 1.2637787084977718e-07
PLLENAL00015, PLNTSYS00013, 1.3131019646609867e-07
AT0000827209, PLPKN0000018, 1.3196181482594544e-07
PLSKTAN00010, PLSTLPF00012, 1.3502788699312863e-07
PLGRNKT00019, PLPEKAO00016, 1.3510320071159894e-07
PLLENTX00010, PLZAMET00010, 1.3631885571227892e-07
PLBRSZW00011, PLSTLPF00012, 1.3641737460274836e-07
PLGTC0000037, PLINPRO00015, 1.3959991419380816e-07
EE3100063686, PLERBUD00012, 1.4188251478320085e-07
HU0000089198, PLCLDTC00019, 1.4231432197616395e-07
PLGMNGF00017, PLGPW0000017, 1.4626136381607832e-07
PLECHPS00019, PLKRINK00014, 1.4629341651620578e-07
PLTELL000023, PLUNBEP00015, 1.4659863919943183e-07
PLGMNGF00017, PLHDRTR00013, 1.5118550281691937e-07
PLECHPS00019, PLKMPTR00012, 1.5223235175151348e-07
NL0009508712, PLINPRO00015, 1.5232947299836854e-07
PLELEKT00016, PLSEKO000014, 1.5763672640784304e-07
PLATM0000021, PLZRWZW00012, 1.5800621669672937e-07
PLODRTS00017, PLPLAYW00015, 1.5843626850100204e-07
PLSKTAN00010, PLTALEX00017, 1.5921498950288126e-07
PLGTC0000037, PLSTIGR00012, 1.6070047005501809e-07
PLKMPTR00012, PLPEPES00018, 1.6197337685556061e-07
PLINTBD00014, PLPROJP00018, 1.630845007890459e-07
LU0122624777, PLMNNCP00011, 1.6335420911919393e-07
PLNFI0700018, PLRNBWT00031, 1.6590383871026116e-07
PLPRCHM00014, PLPWRMD00011, 1.6744067048583061e-07
LU0646112838, PLPHN0000014, 1.6838800141282378e-07
PLBAUMA00017, PLZATRM00012, 1.7018471502571744e-07
NL0009508712, PLHRPHG00023, 1.7201800681799636e-07
PLGMNGF00017, PLSLVCR00029, 1.755806606153501e-07
NL0009508712, PLARTPR00012, 1.7883991285188176e-07
LU0122624777, PLSARE000013, 1.8055660566686498e-07
PLONDE000018, PLTRNSU00013, 1.8633006634103373e-07
PLKLNR000017, PLSEKO000014, 1.8949131446871094e-07
AT0000827209, PLKGHM000017, 1.9141425395992744e-07
PLINTBD00014, PLOPTEM00012, 1.9206938756201626e-07
PLLENTX00010, PLSELVT00013, 1.9234149316538898e-07
PLNFI0700018, PLSFNKS00011, 1.9249081951210818e-07
PLMDCLG00015, PLTSQGM00016, 1.9630388820178675e-07
PLINTBD00014, PLMRBUD00015, 1.9749670820067678e-07
AT0000827209, PLADVPL00029, 1.9890302151217368e-07
PLELEKT00016, PLPKO0000016, 1.9983139591031927e-07
NL0009508712, PLINSTK00013, 2.100960445767528e-07
AT0000827209, PLBIOTN00029, 2.1076223550092427e-07
PLGMNGF00017, PLONCTH00011, 2.1105966617717933e-07
PLELKOP00013, PLFAMUR00012, 2.1465258709645767e-07
PLECHPS00019, PLLSSFT00016, 2.1534711569630393e-07
PLPMPOL00031, PLZRWZW00012, 2.2168540047121373e-07
PLKLNR000017, PLZRWZW00012, 2.237616344095555e-07
AT0000827209, EE3100065392, 2.2507310337436426e-07
NL0011882741, PLSTLPD00017, 2.2804047977398455e-07
PLSTLSK00016, PLZSTAL00012, 2.3543720456572316e-07
PLGMNGF00017, PLVNTIN00011, 2.356760341613692e-07
PLTRMRX00011, PLVIGOS00015, 2.3784910742933606e-07
PLCMRAY00029, PLTRCZN00016, 2.414210556748178e-07
PLBAUMA00017, PLECMNG00019, 2.4346639168887864e-07
PLGMNGF00017, PLWDMCP00013, 2.437842835015955e-07
PLINTBD00014, PLMWTRD00013, 2.438973992032373e-07
PLGTC0000037, PLSPRSF00011, 2.4590540681624925e-07
PLADDRG00015, PLFAMUR00012, 2.4724380180683536e-07
PLKLNR000017, PLMWTRD00013, 2.476336688900751e-07
PLGRNKT00019, PLKGHM000017, 2.5012197958676196e-07
PLINCLT00015, PLPANVA00013, 2.5042632955716834e-07
PLFSING00010, PLMLPGR00017, 2.522306768830881e-07
PLPONAR00012, PLSTPRK00019, 2.5429038560177377e-07
PLMOJ0000015, PLWDM0000029, 2.545895587377149e-07
NL0009508712, PLRNKPR00014, 2.5725891107954575e-07
AT0000827209, PLAB00000019, 2.592879623701054e-07
HU0000089198, PLPCCEX00010, 2.680436906145586e-07
PLECHPS00019, PLMKRNP00015, 2.6860535145107076e-07
PLGMNGF00017, PLKGHM000017, 2.6871655239781863e-07
AT0000827209, PLRAFAK00018, 2.687905112720086e-07
NL0009508712, PLINTGR00013, 2.721004868219639e-07
AT0000827209, PLMCIMG00012, 2.7221097585755756e-07
PLGRNKT00019, PLHELIO00014, 2.727212034539948e-07
PLINTBD00014, PLPONAR00012, 2.7652666677329225e-07
LU0122624777, PLGLBLC00011, 2.802453008877518e-07
PLINTBD00014, PLODLPL00013, 2.809643287764361e-07
AT0000827209, PLAPATR00018, 2.824326496399645e-07
PLBAUMA00017, PLWELTN00012, 2.8400054696256673e-07
AT0000827209, PLHDRTR00013, 2.846810051603375e-07
PLINTBD00014, PLMRVPL00016, 2.892655961420144e-07
AT0000827209, PLOPTTC00011, 2.893542902065583e-07
PLELZAB00010, PLINTRL00013, 2.953011638128027e-07
HU0000089198, PLUNMOT00013, 2.9713387350773874e-07
PLLENTX00010, PLPONAR00012, 2.9716616738992714e-07
PLELEKT00016, PLSTLEX00019, 3.0106515401259944e-07
PLIDMSA00044, PLSOFTB00016, 3.033188134675189e-07
PLADDRG00015, PLIZCJR00017, 3.0603713207867166e-07
PLIDMSA00044, PLPEPES00018, 3.110328701282586e-07
AT0000827209, PLXPLUS00013, 3.13882995610558e-07
AT0000827209, PLTRFRM00018, 3.206124858426233e-07
PLLUBAW00013, PLPONAR00012, 3.225476973793865e-07
NL0011882741, PLERPCO00017, 3.247542860423306e-07
PLINCLT00015, PLNFI0700018, 3.258287197812658e-07
NL0009508712, PLDELKO00019, 3.266923893173569e-07
PLCMPLD00016, PLKRINK00014, 3.272736350897956e-07
PLELEKT00016, PLMRCOR00016, 3.3348536465334194e-07
NL0009508712, PLECHPS00019, 3.337140145403065e-07
PLKOMPP00017, PLLENTX00010, 3.352131558775583e-07
PLGRNKT00019, PLSEKO000014, 3.413905165944383e-07
PLINTBD00014, PLKRK0000010, 3.4702100067104133e-07
AT0000827209, PLKETY000011, 3.4703466160549443e-07
PLKMPTR00012, PLZCPLC00036, 3.4806879049747576e-07
PLMSTWS00019, PLOPTEM00012, 3.579528966377271e-07
PLRELPL00014, PLSEKO000014, 3.674444769222507e-07
LU0611262873, PLMRCTR00015, 3.6856137882530426e-07
PLFERUM00014, PLWRTPL00027, 3.6947555512333305e-07
PLINTGR00013, PLNTSYS00013, 3.7852629031708353e-07
NL0009508712, PLMOBRK00013, 3.786925371983654e-07
AT0000827209, PLKRINK00014, 3.820705931447393e-07
PLERGIN00015, PLJWWNT00018, 3.8429623697682526e-07
PLKLSTN00017, PLNFI1000012, 3.980988566214903e-07
PLBAUMA00017, PLERGIN00015, 4.01956376185164e-07
NL0009508712, PLMWTRD00013, 4.0891367637434856e-07
PLINTBD00014, PLTALEX00017, 4.112680600501507e-07
PLBAUMA00017, PLIQPRT00017, 4.14172911860221e-07
PLINTBD00014, PLZAMET00010, 4.154170703353693e-07
NL0009508712, PLDECOR00013, 4.2480444776970496e-07
PLELEKT00016, PLPEKAO00016, 4.257861116496727e-07
PLINTBD00014, PLNTSYS00013, 4.2951340341140453e-07
PLBRSZW00011, PLREDAN00019, 4.3074320904884585e-07
PLCMPLD00016, PLHELIO00014, 4.3398454846839943e-07
PLBSK0000017, PLJSW0000015, 4.3577072405578185e-07
PLGMNGF00017, PLPROJP00018, 4.362785809340511e-07
NL0009508712, PLPKPCR00011, 4.399235302055645e-07
LU0122624777, PLMUZA000019, 4.4370872002886017e-07
AT0000827209, PLPROJP00018, 4.481591249091175e-07
PLGMNGF00017, PLSTLSK00016, 4.4843676218941787e-07
PLFERUM00014, PLTRMRX00011, 4.488215967510575e-07
PLMEXPL00010, PLZTKMA00017, 4.5004892042711614e-07
PLINTBD00014, PLSONEL00011, 4.503572839077246e-07
PLKLNR000017, PLNFI0700018, 4.5086625940369225e-07
PLLZPSK00019, PLWRWCK00013, 4.539080517061227e-07
PLMXCMS00016, PLSCPFL00018, 4.5537898240001137e-07
PLGTC0000037, PLSARE000013, 4.573561295033057e-07
PLINTBD00014, PLSARE000013, 4.5878931012518483e-07
PLGSPR000014, PLVOXEL00014, 4.5930257043729187e-07
NL0009508712, PLWOJAS00014, 4.6656724994476006e-07
PLINCLT00015, PLMRCOR00016, 4.673933580237449e-07
PLRESBD00032, PLXTRDM00011, 4.7511946174288356e-07
PLFAMUR00012, PLNFI0700018, 4.795253524245512e-07
AT0000827209, PLLUBAW00013, 4.817007136094068e-07
NL0009508712, PLINTRL00013, 4.861081403446115e-07
PLGMNGF00017, PLTRKPL00014, 4.904560290588688e-07
PLMRVDV00011, PLPONAR00012, 4.905587955195234e-07
PLMEXPL00010, PLTRKPL00014, 4.929022923789483e-07
PLHDRTR00013, PLWDM0000029, 4.96049230021526e-07
AT0000827209, PLSNZKA00033, 4.997095927785706e-07
PLHDRTR00013, PLRESBD00032, 5.035356781199911e-07
AT0000827209, PLSEKO000014, 5.072930683052969e-07
PLELEKT00016, PLSTPRK00019, 5.112891861959982e-07
LU0122624777, PLIZCJR00017, 5.117249356154253e-07
PLINTBD00014, PLMRCOR00016, 5.173953044619341e-07
PLGTC0000037, PLKNOPL00014, 5.199589168888559e-07
PLKMPTR00012, PLSNZKA00033, 5.247057776755425e-07
PLPCCEX00010, PLPLAYW00015, 5.261199289603708e-07
PLFSING00010, PLLWBGD00016, 5.274914003699182e-07
PLINTBD00014, PLTHP0000011, 5.278943318437051e-07
PLLZPSK00019, PLRNBWT00031, 5.282910890290164e-07
PLIDMSA00044, PLPONAR00012, 5.305065960078205e-07
NL0009508712, PLERBUD00012, 5.31301722805425e-07
PLINTGR00013, PLKRKCH00019, 5.314970181601025e-07
PLNFI0600010, PLZSTAL00012, 5.350351554272152e-07
NL0009508712, PLPRCHM00014, 5.362330705847305e-07
PLMDCLG00015, PLMRVDV00011, 5.384194451216664e-07
PLLUBAW00013, PLMSTSD00019, 5.430410088465942e-07
PLRESBD00032, PLZTKMA00017, 5.541307367504215e-07
NL0009508712, PLKNOPL00014, 5.710810361775958e-07
LU0611262873, PLHMINW00016, 5.737833738332145e-07
PLKMPTR00012, PLNTSYS00013, 5.748322361325417e-07
PLHDRTR00013, PLNTSYS00013, 5.77518668584678e-07
AT0000827209, PLEMCIM00017, 5.816022004468672e-07
PLINTGR00013, PLLSSFT00016, 5.828200389815495e-07
LU0646112838, PLBOWM000019, 5.945808833675864e-07
AT0000827209, PLLENTX00010, 5.968282186848522e-07
PLFAMUR00012, PLKLNR000017, 6.064351249718016e-07
PLPONAR00012, PLRAFAK00018, 6.069204153059429e-07
PLGMNGF00017, PLMBION00016, 6.082454281698359e-07
PLRFMET00016, PLTRNSU00013, 6.165614445000604e-07
PLSLRCP00021, PLSLVCR00029, 6.240757120244379e-07
PLINTBD00014, PLSTPRK00019, 6.292293722956894e-07
PLBRSZW00011, PLSANWL00012, 6.313784568098855e-07
NL0009508712, PLBGZ0000010, 6.33571393120399e-07
PLLENAL00015, PLZRWZW00012, 6.377197860318743e-07
PLCMP0000017, PLLENTX00010, 6.395834491544419e-07
PLINTBD00014, PLLWBGD00016, 6.401149231787551e-07
PLATTFI00018, PLCRPJR00019, 6.416757460829697e-07
NL0009508712, PLZSTAL00012, 6.474104286783969e-07
EE3100099391, PLMLPGR00017, 6.506009264307242e-07
PLLUBAW00013, PLSOFTB00016, 6.52166801316273e-07
PLELEKT00016, PLERBUD00012, 6.530694510364947e-07
PLNFI0700018, PLTELL000023, 6.628394817641135e-07
PLPCCEX00010, PLSCPFL00018, 6.637329518781316e-07
PLBAUMA00017, PLK2ITR00010, 6.720817782823329e-07
LU0122624777, PLRESBD00032, 6.728337287973006e-07
PLRESBD00032, PLSKRBH00014, 6.769557702476999e-07
PLMNRTR00012, PLTRKPL00014, 6.783000925733886e-07
PLINTBD00014, PLVSTLA00011, 6.845005375357034e-07
PLKMPTR00012, PLLSSFT00016, 6.895221845990967e-07
PLGTC0000037, PLLZPSK00019, 7.00454673532644e-07
PLPEPES00018, PLSEKO000014, 7.113287792884253e-07
LU0646112838, PLPCCEX00010, 7.141812308776496e-07
NL0009508712, PLK2ITR00010, 7.159877714674303e-07
PLPMPOL00031, PLWELTN00012, 7.176390916270348e-07
PLGMNGF00017, PLZRWZW00012, 7.226893634650696e-07
PLKMPTR00012, PLMKRNP00015, 7.26516715834621e-07
IT0005239360, PLWTCHN00030, 7.303948003669691e-07
LU0122624777, PLMRVPL00016, 7.346288745812528e-07
PLBSK0000017, PLKNOPL00014, 7.352208520897085e-07
PLECHPS00019, PLLCCRP00017, 7.38999651258823e-07
PLATM0000021, PLNFI0700018, 7.535269835962054e-07
PLMAKRM00019, PLOPNPL00013, 7.613058005061546e-07
PLBAUMA00017, PLCAMMD00032, 7.647060170543651e-07
PLSKTAN00010, PLSNZKA00033, 7.6693000094269e-07
PLSANWL00012, PLSTLEX00019, 7.784208206817673e-07
PLGSPR000014, PLMDCLG00015, 7.827393480503174e-07
ES0105375002, PLCRPJR00019, 7.858643283390584e-07
PLKMPTR00012, PLZAPUL00057, 7.949351558750057e-07
AT0000827209, PLFORTE00012, 8.030299700402971e-07
PLKMPTR00012, PLKOMPP00017, 8.03283470545692e-07
PLINTBD00014, PLWRWCK00013, 8.03624334535711e-07
PLCVTNH00040, PLPRBLG00010, 8.037118142178797e-07
PLKMPTR00012, PLSTLEX00019, 8.07117654498413e-07
AT0000827209, PLSONEL00011, 8.107088084875559e-07
PLVSTLA00011, PLWELTN00012, 8.174634091773236e-07
PLSKTAN00010, PLZSTAL00012, 8.243155109130011e-07
PLGRNKT00019, PLSOFTB00016, 8.251735133242606e-07
PLKMPTR00012, PLPEKPL00010, 8.302694543169253e-07
PLADDRG00015, PLIPOPM00011, 8.369741518220938e-07
EE3100063686, PLMSTZB00018, 8.402903019453024e-07
PLINTBD00014, PLTRFRM00018, 8.445780966222308e-07
PLINTBD00014, PLZRWZW00012, 8.476120979228597e-07
NL0009508712, PLCNTSL00014, 8.53432020594895e-07
PLKMPTR00012, PLTALEX00017, 8.58051849020642e-07
PLKMPTR00012, PLLUBAW00013, 8.599412372776805e-07
PLPEPES00018, PLRELPL00014, 8.623881043586013e-07
FR0000060873, PLCRPJR00019, 8.677259998951966e-07
PLDGA0000019, PLNFI0500012, 8.71119454660418e-07
PLELEKT00016, PLGSPR000014, 8.800374838048618e-07
PLFAMUR00012, PLTRNSU00013, 8.872625544757025e-07
PLKMPTR00012, PLNFI1200018, 8.876502589265564e-07
CY0101062111, HU0000089198, 8.976840569963972e-07
PLIDMSA00044, PLWDM0000029, 9.020503064774577e-07
NL0009508712, PLELEKT00016, 9.042791943893276e-07
NL0009508712, PLSTIGR00012, 9.084648855519135e-07
PLINTBD00014, PLIQPRT00017, 9.212933219435265e-07
PLAGORA00067, PLOPNPL00013, 9.22213906775929e-07
NL0009508712, PLSEKO000014, 9.31122064239248e-07
AT0000827209, PLBUDMX00013, 9.369067959169937e-07
PLBSK0000017, PLSARE000013, 9.412137344538601e-07
PLRFMET00016, PLSOFTB00016, 9.71978632583497e-07
PLINTBD00014, PLMCIMG00012, 9.720334249646935e-07
PLINTBD00014, PLOPTTC00011, 9.756874985009059e-07
PLINTBD00014, PLPEKAO00016, 9.804441324465399e-07
NL0009508712, PLHOGA000041, 1.0232984250550969e-06
PLGRNKT00019, PLNFI1200018, 1.033914445836168e-06
PLINCLT00015, PLMSTSD00019, 1.041454616556171e-06
PLLENTX00010, PLTOYA000011, 1.0426415147040424e-06
PLCIECH00018, PLMNRTR00012, 1.0467969734322371e-06
NL0009508712, PLDRZPL00032, 1.0495502064169933e-06
PLMEXPL00010, PLWELTN00012, 1.0526181187149496e-06
PLKLSTN00017, PLTALEX00017, 1.0659856369928476e-06
PLELEKT00016, PLTIM0000016, 1.0673277998765424e-06
EE3100063686, PLBOS0000019, 1.0674648701571007e-06
PLSKTAN00010, PLTELL000023, 1.0893027613854164e-06
PLINTBD00014, PLLSSFT00016, 1.0999283598074724e-06
PLKLNR000017, PLWELTN00012, 1.1138286417121796e-06
NL0011882741, PL11BTS00015, 1.1221455042512104e-06
PLINTBD00014, PLRFMET00016, 1.1238553061968083e-06
AT0000827209, PLBOS0000019, 1.124285156815537e-06
PLNFI0600010, PLPONAR00012, 1.1279124487909988e-06
LU0122624777, PLODRTS00017, 1.136464716278057e-06
IT0005239360, PLBH00000012, 1.1366106326238909e-06
PLINTKS00013, PLMNRTR00012, 1.1370053702205562e-06
PLKMPTR00012, PLKRINK00014, 1.1399196125903384e-06
PLINTBD00014, PLWDM0000029, 1.1469884647205227e-06
AT0000827209, PLPMPOL00031, 1.16509018066176e-06
PLLZPSK00019, PLNTSYS00013, 1.198220224293572e-06
PLKMPTR00012, PLPLSEP00013, 1.205203025587202e-06
PLINTKS00013, PLTALEX00017, 1.2069512335021528e-06
PLGMNGF00017, PLMDNCE00016, 1.2189254861044305e-06
PLGMNGF00017, PLPLAYW00015, 1.2244712040886749e-06
FR0000060873, PLNNGRP00011, 1.225676431498327e-06
PLGRNKT00019, PLMSTSD00019, 1.2264333715518793e-06
PLFSING00010, PLKRKCH00019, 1.2282485690731655e-06
PLLUBAW00013, PLROPCE00017, 1.2385771736349092e-06
PLELZAB00010, PLSTLSK00016, 1.2402135244712048e-06
PLELKOP00013, PLUNMST00014, 1.2440050517026544e-06
LU0646112838, PLVVDGM00014, 1.2479147076456511e-06
PLBOS0000019, PLJWWNT00018, 1.2523348562544522e-06
PLINTBD00014, PLPEKPL00010, 1.2557424701482583e-06
PLREDAN00019, PLSARE000013, 1.2564672661121988e-06
PLELEKT00016, PLMNRTR00012, 1.2588759731932301e-06
FR0000060873, PLIZBLK00010, 1.2662035322658974e-06
PLBAUMA00017, PLZSTAL00012, 1.266989793243444e-06
PLLUBAW00013, PLRELPL00014, 1.2716028538279058e-06
PLKMPTR00012, PLPRGNK00017, 1.2716752304637115e-06
PLNFI1000012, PLPEPES00018, 1.2810477484745126e-06
PLINTBD00014, PLSEKO000014, 1.2817510915938036e-06
PLGMNGF00017, PLSKRBH00014, 1.2962090120651026e-06
PLRELPL00014, PLSTLSK00016, 1.3019042961888442e-06
NL0009508712, PLZAPUL00057, 1.3019129495551755e-06
PLBAUMA00017, PLPRGNK00017, 1.3036272820640255e-06
NL0011882741, PLSTLSK00016, 1.30951382397878e-06
AT0000827209, PLEURCH00011, 1.312974505880871e-06
LU0122624777, PLNFI0500012, 1.3130811863357392e-06
PLBAUMA00017, PLNTSYS00013, 1.3282246412814885e-06
PLKLSTN00017, PLKRINK00014, 1.3330571644361792e-06
FR0000060873, PLMLSTM00015, 1.3339631481150275e-06
AT0000827209, PLBSK0000017, 1.3506561782418568e-06
AT0000827209, PLELPO000016, 1.364649535857543e-06
PLBAUMA00017, PLXPLUS00013, 1.3649586161616605e-06
NL0011882741, PLBRSZW00011, 1.3834937328228752e-06
PLSKTAN00010, PLZRWZW00012, 1.408831401541737e-06
AT0000827209, PLCOMAR00012, 1.412445240291157e-06
IT0005239360, PLPCCRK00076, 1.4131319464018825e-06
PLINTBD00014, PLMAKRM00019, 1.415674753695125e-06
AT0000827209, PLSTLPF00012, 1.4402261606821497e-06
PLCMP0000017, PLPONAR00012, 1.4472456289566913e-06
NL0009508712, PLUNMST00014, 1.4582261940049691e-06
PLKLNR000017, PLSTPRK00019, 1.4697481187649656e-06
PLINTBD00014, PLWELTN00012, 1.475629481417574e-06
PLLENTX00010, PLSNKTK00019, 1.477650638773759e-06
PLINTBD00014, PLR220000018, 1.4870153570832365e-06
AT0000827209, PLZCPLC00036, 1.5047489164077061e-06
PLLUBAW00013, PLWAWEL00013, 1.5085179389033313e-06
PLINTBD00014, PLKMPTR00012, 1.5124736250343523e-06
PLCNTSL00014, PLSEKO000014, 1.5146375973735716e-06
PLBIOTN00029, PLSKTAN00010, 1.5163069240526383e-06
PLECHPS00019, PLSEKO000014, 1.5276213192702399e-06
PLGRNKT00019, PLINTMS00019, 1.562887554067706e-06
PLKLNR000017, PLMOJ0000015, 1.5689199973581731e-06
NL0009508712, PLINCLT00015, 1.5694554074726748e-06
PLLENAL00015, PLPONAR00012, 1.5722420484690947e-06
LU0122624777, PLLCCRP00017, 1.574237624898483e-06
AT0000827209, PLCCC0000016, 1.5862533518712122e-06
PLINCLT00015, PLKRINK00014, 1.5874657645450705e-06
PLINTBD00014, PLSNZKA00033, 1.599231169392037e-06
AT0000827209, PLTRKPL00014, 1.627922783162054e-06
PLINTBD00014, PLPLPGR00010, 1.6325658190656593e-06
NL0009508712, PLLUBAW00013, 1.690775316559552e-06
PLKMPTR00012, PLMSTWS00019, 1.705200253317619e-06
PLINTBD00014, PLWAWEL00013, 1.7339993949047754e-06
PLREDAN00019, PLTRFRM00018, 1.742438502165677e-06
IT0005239360, PLAPLS000016, 1.7468038177462266e-06
PLMSTSD00019, PLNFI0700018, 1.7595216224529074e-06
PLLENTX00010, PLLSSFT00016, 1.793568105517225e-06
PLMSTSD00019, PLPEPES00018, 1.8061084087164041e-06
PLELEKT00016, PLFERUM00014, 1.8069234405175684e-06
PLINTBD00014, PLPKO0000016, 1.816772504040918e-06
PLCIECH00018, PLKRINK00014, 1.816774155960668e-06
PLKLNR000017, PLMRCOR00016, 1.8210608932584504e-06
NL0011882741, PLJSW0000015, 1.8261917365278928e-06
PLIDMSA00044, PLWRWCK00013, 1.830025953690449e-06
PLSKTAN00010, PLTRFRM00018, 1.8660578652874975e-06
PLPHN0000014, PLZPCOT00018, 1.8760142996665222e-06
PLHMINW00016, PLLKMDW00049, 1.8814302233576922e-06
PLSKTAN00010, PLZAPUL00057, 1.8842112638291324e-06
PLSKTAN00010, PLZTKMA00017, 1.8879989965017759e-06
PLCMPLD00016, PLERBUD00012, 1.8890842512809259e-06
AT0000827209, EE3100063686, 1.9019604766350078e-06
PLLENAL00015, PLPSSUS00018, 1.9117621720133984e-06
AT0000827209, PLPRCHM00014, 1.9141650692004568e-06
PLELEKT00016, PLELKOP00013, 1.9403365934640203e-06
PLINTBD00014, PLRNBWT00031, 2.0091020626754343e-06
PLECHPS00019, PLMRCOR00016, 2.0200916694842056e-06
PLGSPR000014, PLTOYA000011, 2.024098556604819e-06
FR0000060873, PLWDM0000029, 2.029633927388296e-06
PLRESBD00032, PLTRNSP00013, 2.034612769093574e-06
PLLUBAW00013, PLSANWL00012, 2.069187623375994e-06
FR0000060873, PLCSPAM00017, 2.1099130615308374e-06
PLRFMET00016, PLSKTAN00010, 2.1155154513594322e-06
NL0009508712, PLTIM0000016, 2.1179872356869804e-06
NL0009508712, PLPLSEP00013, 2.128937804260355e-06
PLGSPR000014, PLSELVT00013, 2.1442085004144745e-06
PLCMP0000017, PLSEKO000014, 2.1490438097668724e-06
PLFSING00010, PLTRMRX00011, 2.177336069283273e-06
PLLUBAW00013, PLTLKPL00017, 2.182754821489693e-06
PLKLNR000017, PLWDM0000029, 2.2127208863253625e-06
PLKMPTR00012, PLPKN0000018, 2.2139570181769355e-06
PLATM0000021, PLWDM0000029, 2.218259235834414e-06
LU0611262873, PLURTST00010, 2.261566217680969e-06
LU0122624777, PLSONEL00011, 2.2643685508023887e-06
PLFAMUR00012, PLFERUM00014, 2.2888823265947762e-06
PLINTSP00038, PLMWTRD00013, 2.298447641889651e-06
PLMSTZB00018, PLNTSYS00013, 2.3037781741870165e-06
PLIZBLK00010, PLR220000018, 2.331321524235978e-06
PLBRSZW00011, PLNTSYS00013, 2.3678130826358077e-06
AT0000827209, PLCAMMD00032, 2.3922467072843573e-06
PLKMPTR00012, PLNVITA00018, 2.393506004531596e-06
PLINCLT00015, PLTRNSU00013, 2.4004520833138842e-06
LU0122624777, PLPONAR00012, 2.4094730342534596e-06
PLELZAB00010, PLMWTRD00013, 2.4320408329002847e-06
PLINTBD00014, PLTLKPL00017, 2.433398288197812e-06
PLCMPLD00016, PLNTSYS00013, 2.476619760423983e-06
NL0011882741, PLLWBGD00016, 2.4837374012750617e-06
PLBMDLB00018, US44853H1086, 2.489247209546251e-06
PLKLNR000017, PLVSTLA00011, 2.4936805057507747e-06
PLNFI1000012, PLPONAR00012, 2.494049102889952e-06
PLKLNR000017, PLRNBWT00031, 2.4959789540730596e-06
NL0009508712, PLERPCO00017, 2.4987988462496417e-06
PLGRNKT00019, PLWRKSR00019, 2.5029634109824558e-06
PLECHPS00019, PLKLSTN00017, 2.5133903661539613e-06
NL0011882741, PLBOS0000019, 2.5338671787656e-06
PLMSTWS00019, PLVOTUM00016, 2.5407223375729815e-06
PLGRNKT00019, PLSELVT00013, 2.5429609637832967e-06
PLGMNGF00017, PLSTLEX00019, 2.559086413211896e-06
PLINTBD00014, PLVNTIN00011, 2.584791803289363e-06
PLGRNKT00019, PLPANVA00013, 2.585403537008337e-06
PLBOS0000019, PLWDMCP00013, 2.593368440039923e-06
PLCMP0000017, PLTRNSU00013, 2.6051170975330763e-06
PLRAFAK00018, PLVRCM000016, 2.607064988728531e-06
NL0011882741, PLCDRL000043, 2.6082212698930364e-06
AT0000827209, PLWAWEL00013, 2.6249604243123636e-06
PLLENTX00010, PLSARE000013, 2.6318392411409656e-06
PLELEKT00016, PLLCCRP00017, 2.636734423823449e-06
PLGMSOP00019, PLNFI0500012, 2.6400538075855236e-06
PLKMPTR00012, PLOPTTC00011, 2.6589158297305738e-06
NL0009508712, PLAPATR00018, 2.6622412618241425e-06
PLLZPSK00019, PLWELTN00012, 2.6716870274677344e-06
AT0000827209, PLREMAK00016, 2.6963548884370436e-06
PLPONAR00012, PLWELTN00012, 2.715268884030201e-06
PLINCLT00015, PLPONAR00012, 2.725669455437564e-06
PLBRSZW00011, PLRELPL00014, 2.7264811737964637e-06
PLFSING00010, PLWDM0000029, 2.729771156593162e-06
FR0000060873, PLMRVDV00011, 2.7891293688432665e-06
PLCMP0000017, PLMKRNP00015, 2.791247469643532e-06
PLGMNGF00017, PLLSSFT00016, 2.7948502002140104e-06
PLTRNSU00013, PLUNBEP00015, 2.8282802478171146e-06
NL0009508712, PLPONAR00012, 2.8300312869371435e-06
PLKMPTR00012, PLSOFTB00016, 2.853360221983346e-06
PLELKOP00013, PLERTEL00011, 2.88623071056355e-06
PLGMNGF00017, PLMAKRM00019, 2.8863813543096434e-06
PLGRNKT00019, PLNTSYS00013, 2.891597948294631e-06
PLLENAL00015, PLOPNPL00013, 2.8945757770782293e-06
NL0011882741, PLADVIV00015, 2.89585384224976e-06
PLBRSZW00011, PLKRKCH00019, 2.903832158221555e-06
LU0122624777, PLKRK0000010, 2.9103815872309007e-06
PLINTGR00013, PLVTLGD00010, 2.911051485995751e-06
EE3100099391, PLADDRG00015, 2.9128622846962065e-06
PLGRNKT00019, PLGRODN00015, 2.9615801408127536e-06
PLLUBAW00013, PLODLPL00013, 2.9953876608743378e-06
AT0000827209, PLELKOP00013, 2.9983727752957458e-06
PLELEKT00016, PLKPPD000017, 3.0020386132675044e-06
PLLUBAW00013, PLTIM0000016, 3.0028282799066578e-06
PLELKOP00013, PLKPPD000017, 3.012691958389268e-06
PLLZPSK00019, PLRAFAK00018, 3.045498151376738e-06
PLINTKS00013, PLZAPUL00057, 3.0524021851599075e-06
PLHRPHG00023, PLSANWL00012, 3.0953972745581343e-06
NL0009508712, PLESTHN00018, 3.1044589697036445e-06
PLGRNKT00019, PLPEKPL00010, 3.130489637206602e-06
PLTELL000023, PLWELTN00012, 3.1384525348021695e-06
PLPONAR00012, PLPROJP00018, 3.1881100339335865e-06
NL0009508712, PLADVPL00029, 3.1924449319398387e-06
CY0101062111, PLKNOPL00014, 3.200888926069729e-06
PLINTBD00014, PLPEPES00018, 3.2138649937408343e-06
PLFAMUR00012, PLPMPOL00031, 3.2314830834535358e-06
AT0000827209, PLAGORA00067, 3.2492237802014677e-06
PLINTBD00014, PLNFI1000012, 3.2524903449734686e-06
PLGRNKT00019, PLPLAYW00015, 3.25644519464728e-06
PLSTPRK00019, PLTORPL00016, 3.258688601086398e-06
PLKLSTN00017, PLZRWZW00012, 3.2763794592628756e-06
PLPEPES00018, PLPMPOL00031, 3.290561421105087e-06
NL0011882741, PLZUE0000015, 3.2999554641410966e-06
PLSKTAN00010, PLZCPLC00036, 3.3031483301644933e-06
PLECHPS00019, PLERBUD00012, 3.3387608500907034e-06
EE3100063686, PLMSTWS00019, 3.354640715713281e-06
PLGMNGF00017, PLSARE000013, 3.371288200482325e-06
PLIDMSA00044, PLRESBD00032, 3.375580858839612e-06
PLLENTX00010, PLPMPOL00031, 3.4479851447102547e-06
PLBAUMA00017, PLKRINK00014, 3.451192950001919e-06
DE000A2E3772, PLREDAN00019, 3.457733654262932e-06
PLEDINV00014, PLMOJ0000015, 3.4789638036240665e-06
PLADDRG00015, PLSFNKS00011, 3.482751789860468e-06
PLGMNGF00017, PLSKTAN00010, 3.5351794996053748e-06
NL0009508712, PLSELVT00013, 3.5426757610155444e-06
PLNFI0600010, PLPANVA00013, 3.571841288072917e-06
PLINTBD00014, PLRNKPR00014, 3.58526289730219e-06
PLBRSZW00011, PLINTGR00013, 3.622329867613799e-06
PLLUBAW00013, PLMNNCP00011, 3.6241802031126887e-06
PLINTBD00014, PLPKN0000018, 3.625784928215319e-06
PLFAMUR00012, PLLENAL00015, 3.645989210733585e-06
PLIQPRT00017, PLSELVT00013, 3.646460057997116e-06
PLKMPTR00012, PLXPLUS00013, 3.6789706566058027e-06
NL0009508712, PLTRKPL00014, 3.6796480954195443e-06
PLNFI0700018, PLPROJP00018, 3.6810344783544023e-06
PLKMPTR00012, PLREMAK00016, 3.684464505426593e-06
PLINTKS00013, PLKLSTN00017, 3.7020867369628717e-06
NL0009508712, PLMRBUD00015, 3.7159102675427414e-06
PLGMNGF00017, PLVIGOS00015, 3.7321082894221575e-06
NL0011882741, PLSFNKS00011, 3.7416899028804375e-06
AT0000827209, PLOPNPL00013, 3.7992193961633334e-06
PLBTCOM00016, PLECHPS00019, 3.824971400462234e-06
PLERPCO00017, PLTWRNV00013, 3.850520480513978e-06
FR0000060873, PLXTPL000018, 3.874750182047373e-06
EE3100063686, PLNFI0700018, 3.895423177040621e-06
PLGMNGF00017, PLTORPL00016, 3.909527196331159e-06
PLBOS0000019, PLTORPL00016, 3.974154921631123e-06
PLKOMPP00017, PLSTLPD00017, 3.977391000118456e-06
NL0009508712, PLEMCIM00017, 3.9802331510438646e-06
PLLUBAW00013, PLSTLPF00012, 3.996351047684089e-06
PLELZAB00010, PLRNBWT00031, 4.023832807271744e-06
PLADDRG00015, PLSHPR000021, 4.0413457381406145e-06
LU0122624777, PLTLKPL00017, 4.042601255719491e-06
PLATREM00017, PLBNFTS00018, 4.043827155620285e-06
NL0009508712, PLMFO0000013, 4.0532631461322106e-06
PLBAUMA00017, PLKRKCH00019, 4.078657053028734e-06
FR0000060873, PLPILAB00012, 4.088141890796733e-06
PLLENTX00010, PLTSGS000019, 4.166302294734198e-06
PLMRVPL00016, PLONCTH00011, 4.175719005050919e-06
PLGLBLC00011, PLSHPR000021, 4.181224106028309e-06
PLATM0000021, PLVSTLA00011, 4.200136518048319e-06
PLINTBD00014, PLOPNPL00013, 4.201182460164657e-06
EE3100063686, PLECHPS00019, 4.203768177844937e-06
LU0122624777, PLREDAN00019, 4.2454103368014815e-06
PLLUBAW00013, PLMUZA000019, 4.257934133251053e-06
PLLUBAW00013, PLPEKAO00016, 4.306672804201912e-06
PLCVTNH00040, PLPILAB00012, 4.3574871171383475e-06
AT0000827209, PLKLSTN00017, 4.357894549534458e-06
PLINTKS00013, PLINTRL00013, 4.367320861951371e-06
PLTRNSU00013, PLUNMST00014, 4.406536366089383e-06
PLPONAR00012, PLTLKPL00017, 4.416443035627527e-06
PLRESBD00032, PLTRFRM00018, 4.4184692684391155e-06
PLELKOP00013, PLHOGA000041, 4.448564282311884e-06
NL0009508712, PLKRINK00014, 4.454150528691389e-06
NL0009508712, PLNFI0700018, 4.468973694203401e-06
NL0009508712, PLECMNG00019, 4.478302288500212e-06
PLMNRTR00012, PLSANWL00012, 4.501969342813315e-06
PLFAMUR00012, PLINCLT00015, 4.5210198668584716e-06
PLELEKT00016, PLMOJ0000015, 4.541066215088842e-06
NL0009508712, PLMSTSD00019, 4.54255323708574e-06
PLCMP0000017, PLGRODN00015, 4.557392870874408e-06
PLINTKS00013, PLSTLSK00016, 4.568376696688795e-06
LU0646112838, PLTRMRX00011, 4.633370958747417e-06
PLELKOP00013, PLZSTAL00012, 4.64287159940997e-06
PLGSPR000014, PLWNDMB00010, 4.657064387274898e-06
AT0000827209, FR0000060873, 4.698968168031159e-06
PLINTKS00013, PLTRKPL00014, 4.72198536499851e-06
PLPRCHM00014, PLTELL000023, 4.733342660212373e-06
PLBRSZW00011, PLMKRNP00015, 4.754356683346405e-06
PLKMPTR00012, PLTRFRM00018, 4.759130078591151e-06
PLELEKT00016, PLODLPL00013, 4.763261145390373e-06
PLCMP0000017, PLRELPL00014, 4.781127407610594e-06
PLPRCHM00014, PLSTPRK00019, 4.817266259449401e-06
PLAGORA00067, PLKPPD000017, 4.823960606021806e-06
PLCAMMD00032, PLONCTH00011, 4.831955711868631e-06
PLGMNGF00017, PLUNMOT00013, 4.8587139321662885e-06
EE3100063686, PLFORTE00012, 4.883057974318632e-06
AT0000827209, PLECBDZ00013, 4.890968242418907e-06
PLFERUM00014, PLPONAR00012, 4.903863552658619e-06
PLTELL000023, PLZSTAL00012, 4.907600400229665e-06
PLAPSEN00011, PLELEKT00016, 5.002230698795317e-06
PLBOWM000019, PLKLNR000017, 5.00966285905908e-06
AT0000827209, PLAMICA00010, 5.028061290325091e-06
PLGMNGF00017, PLWDM0000029, 5.0582518015768975e-06
PLFAMUR00012, PLPRCHM00014, 5.064682931323199e-06
PLELEKT00016, PLELZAB00010, 5.073454239204599e-06
PLRESBD00032, PLVVDGM00014, 5.080225933892095e-06
PLECHPS00019, PLFAMUR00012, 5.0992651013843005e-06
PLCVTNH00040, PLULTGM00013, 5.244908014324199e-06
PLLUBAW00013, PLRAFAK00018, 5.264939295951057e-06
IT0005239360, PLKRK0000010, 5.266513956538497e-06
PLGMNGF00017, PLZAMET00010, 5.319976349670438e-06
PLGMNGF00017, PLNFI0700018, 5.3429266610280336e-06
PLKMPTR00012, PLSANWL00012, 5.359778383359611e-06
AT0000827209, PLBEST000010, 5.370636870763924e-06
LU0122624777, PLODLPL00013, 5.385076515671435e-06
PLATREM00017, PLLBT0000013, 5.419304354967674e-06
NL0009508712, PLZATRM00012, 5.424706656705683e-06
LU0122624777, PLZATRM00012, 5.442612593036228e-06
PLGMNGF00017, PLWTCHN00030, 5.4705789371030466e-06
PLADDRG00015, PLMSTPL00018, 5.476234801522249e-06
PLCMP0000017, PLNTSYS00013, 5.514478788472152e-06
PLGRNKT00019, PLZPCOT00018, 5.543614480581516e-06
PLDGA0000019, PLHELIO00014, 5.5453757330863536e-06
PLINCLT00015, PLNFI1000012, 5.613195315732219e-06
LU0122624777, PLTIM0000016, 5.6203155381981376e-06
NL0009805613, PLINTSP00038, 5.6520183443537285e-06
PLBAUMA00017, PLMWTRD00013, 5.662458188155254e-06
AT0000827209, PLZAPUL00057, 5.702029248478957e-06
NL0011882741, PLWELTN00012, 5.719505650270359e-06
PLGRNKT00019, PLLSSFT00016, 5.7682261488755946e-06
PLGRNKT00019, PLPROJP00018, 5.786353141587302e-06
PLGRNKT00019, PLWNDMB00010, 5.828006258594196e-06
PLKLNR000017, PLPWRMD00011, 5.83182072464815e-06
NL0009508712, PLCMPLD00016, 5.847123622022193e-06
CY0101062111, PLERPCO00017, 5.851382778471569e-06
PLLUBAW00013, PLMSTPL00018, 5.855653961723576e-06
NL0011882741, USU827061099, 5.858927386190627e-06
IT0005239360, PLCOMPR00010, 5.94885889122288e-06
PLMEXPL00010, PLVNTIN00011, 5.96470636102687e-06
PLMNRTR00012, PLNVITA00018, 5.971722174853081e-06
AT0000827209, PLROPCE00017, 5.980833981592565e-06
IT0005239360, PLWOJAS00014, 6.000701966399241e-06
NL0009508712, PLSTLPD00017, 6.004676089191875e-06
NL0009508712, PLBAUMA00017, 6.014889827580366e-06
PLAPSEN00011, PLARTFX00011, 6.037863365445161e-06
PLPRCHM00014, PLQRCUS00012, 6.05346893615373e-06
NL0009508712, PLSARE000013, 6.0791589387139176e-06
PLREDAN00019, PLSELVT00013, 6.08847160071953e-06
PLMSTZB00018, PLZSTAL00012, 6.153597996639405e-06
PLSKTAN00010, PLWDM0000029, 6.160284847650057e-06
AT0000827209, PLINTCS00010, 6.180122878011631e-06
PLGRPRC00015, PLWDM0000029, 6.188411029191075e-06
DE000A2E3772, PLKRKCH00019, 6.194035670052942e-06
PLINTKS00013, PLPONAR00012, 6.207387001952819e-06
NL0009508712, PLINTKS00013, 6.227106540083725e-06
EE3100063686, PLVSTLA00011, 6.2288819617514485e-06
PLINCLT00015, PLSTPRK00019, 6.230983456874981e-06
PLECHPS00019, PLINCLT00015, 6.253876056735142e-06
PLIDMSA00044, PLMOJ0000015, 6.30687178846952e-06
PLAPSEN00011, PLVRCM000016, 6.3685400784055865e-06
PLGMNGF00017, PLTWRNV00013, 6.461044767814237e-06
PLINTBD00014, PLRELPL00014, 6.500169697368739e-06
PLMNRTR00012, PLNFI1200018, 6.5103033849141075e-06
PLMSTSD00019, PLUNMST00014, 6.52708914357809e-06
PLLZPSK00019, PLNFI0500012, 6.559721329812619e-06
PLHOGA000041, PLZPCOT00018, 6.600158835794121e-06
PLGRNKT00019, PLINPRO00015, 6.630792670702117e-06
PLRFMET00016, PLTIM0000016, 6.672164390554754e-06
PLPONAR00012, PLXPLUS00013, 6.687406938222745e-06
PLGMNGF00017, PLHMINW00016, 6.707424895919001e-06
PLPWRMD00011, PLTELL000023, 6.732950793060461e-06
PLIDMSA00044, PLSTPRK00019, 6.752225792746866e-06
PLGRNKT00019, PLTALEX00017, 6.834745657397753e-06
PLNFI1200018, PLTIM0000016, 6.8840060740488775e-06
LU0122624777, PLMCIMG00012, 6.905363550254401e-06
ES0105375002, USU827061099, 6.919979798375915e-06
PLGSPR000014, PLSUNEX00013, 6.983565815550611e-06
PLINTBD00014, PLJSW0000015, 7.064561459447142e-06
PLMSTWS00019, PLVSTLA00011, 7.095321293665997e-06
PLCMP0000017, PLZRWZW00012, 7.1426903936853416e-06
PLCIECH00018, PLRNBWT00031, 7.150174552463331e-06
PLLUBAW00013, PLTRNSU00013, 7.156545669245529e-06
LU0122624777, PLBNFTS00018, 7.292136741589028e-06
PLATM0000021, PLNTSYS00013, 7.344313085382496e-06
PLCMP0000017, PLKMPTR00012, 7.349751662082716e-06
PLGRNKT00019, PLPGER000010, 7.351679085561277e-06
PLCMPLD00016, PLECHPS00019, 7.460747249608797e-06
PLNFI0500012, PLZCPLC00036, 7.480586033967021e-06
PLAGORA00067, PLTELL000023, 7.488419588971507e-06
PLMAKRM00019, PLTALEX00017, 7.51742657716471e-06
PLADDRG00015, PLPEPES00018, 7.574160814906251e-06
PLINTSP00038, PLRNBWT00031, 7.580509074537176e-06
LU0122624777, PLBMDLB00018, 7.58120735051726e-06
PLNFI0700018, PLNFI1000012, 7.6096305643650656e-06
EE3100063686, PLAPATR00018, 7.653373094120219e-06
PLHDRTR00013, PLKPPD000017, 7.724771885068989e-06
PLTRNSU00013, PLVSTLA00011, 7.800027680526264e-06
FR0000060873, PLROPCE00017, 7.807389105864337e-06
PLTRNSU00013, PLWDM0000029, 7.838083474517687e-06
PLGSPR000014, PLLBT0000013, 7.85827706272112e-06
PLKRVTM00010, PLMLSTM00015, 7.909465827195443e-06
NL0009508712, PLXPLUS00013, 7.948338316531646e-06
AT0000827209, PLFSING00010, 7.950572695831273e-06
PLADDRG00015, PLEMCIM00017, 7.964631233372547e-06
LU0122624777, PLAGORA00067, 8.004725496409578e-06
PLLENAL00015, PLPEPES00018, 8.00779635204673e-06
PLJWWNT00018, PLMNNCP00011, 8.029216904598026e-06
NL0011882741, PLRELPL00014, 8.09416349751634e-06
NL0011882741, PLCAMMD00032, 8.149806158497922e-06
PLPEPES00018, PLSTLSK00016, 8.222562214941039e-06
PLFAMUR00012, PLUNMST00014, 8.235837731359283e-06
PLINTKS00013, PLODRTS00017, 8.298399059204927e-06
LU0122624777, PLBEST000010, 8.312850761318813e-06
PLELKOP00013, PLRESBD00032, 8.316224861835864e-06
EE3100063686, PLBAUMA00017, 8.330199013499895e-06
PLINCLT00015, PLLENAL00015, 8.352518975140347e-06
PLBIOMX00015, PLCRPJR00019, 8.425260341961517e-06
PLMNRTR00012, PLPKN0000018, 8.456416616639626e-06
PLTHP0000011, PLTIM0000016, 8.546558615509046e-06
LU0646112838, PLZEPAK00012, 8.619153254729328e-06
CY0101062111, PLBMDLB00018, 8.65222329838185e-06
NL0009508712, PLBIOMX00015, 8.680259479184323e-06
PLCAMMD00032, PLPLTRG00038, 8.80126016692322e-06
PLINTKS00013, PLZRWZW00012, 8.827535060807383e-06
AT0000827209, PLRELPL00014, 8.828573577014205e-06
PLFERUM00014, PLZRWZW00012, 8.84555945527635e-06
PLAPSEN00011, PLR220000018, 8.867252379786002e-06
EE3100063686, PLPRCHM00014, 8.930474492668683e-06
PLGRNKT00019, PLIZCJR00017, 8.965040168599632e-06
PLRFMET00016, PLSEKO000014, 8.975763960065352e-06
PLHOGA000041, PLIZSTL00015, 8.997202656769743e-06
PLPEPES00018, PLSFNKS00011, 9.040959920180737e-06
PLLENTX00010, PLPRBLG00010, 9.044524444585512e-06
PLADDRG00015, PLMSTZB00018, 9.264493678878342e-06
FR0000060873, PLBRN2400013, 9.274751277919752e-06
PLRESBD00032, PLTAURN00011, 9.369009711326183e-06
PLMNRTR00012, PLWAWEL00013, 9.378465930308615e-06
PLECHPS00019, PLWRKSR00019, 9.3949062591475e-06
PLBRSZW00011, PLNFI0500012, 9.40766973072276e-06
HU0000089198, SI0031102120, 9.498266689032418e-06
NL0011882741, PLPKPCR00011, 9.530633993843371e-06
PLINTKS00013, PLSONEL00011, 9.540879533960107e-06
PLLBPRT00013, PLLPP0000011, 9.552260004649644e-06
LU0122624777, PLSELVT00013, 9.595423902706611e-06
PLACTIN00018, PLBIOPL00013, 9.607703191433523e-06
PLKMPTR00012, PLODLPL00013, 9.66122608115399e-06
PLKLSTN00017, PLMRVDV00011, 9.681821770351543e-06
PLGMNGF00017, PLNFI0600010, 9.73033183031162e-06
PLPCCEX00010, PLSMFBC00016, 9.738391773100644e-06
PLLUBAW00013, PLPROJP00018, 9.776130971410633e-06
PLPRCHM00014, PLSONEL00011, 9.849667523381932e-06
EE3100063686, PLAMICA00010, 9.855194945540055e-06
NL0009508712, PLMNRTR00012, 9.876653582151555e-06
EE3100063686, PLNFI1200018, 9.883626307196355e-06
PLKMPTR00012, PLWELTN00012, 9.887386827114223e-06
PLPROJP00018, PLTRKPL00014, 9.919372310318849e-06
PLBRSZW00011, PLKLSTN00017, 9.925657946044895e-06
PLINTKS00013, PLZATRM00012, 9.93166200784115e-06
PLGMNGF00017, PLSCPFL00018, 9.936145416187341e-06
PLPEPES00018, PLRAFAK00018, 9.958919159536488e-06
PLINTKS00013, PLKRINK00014, 9.973440581142772e-06
PLCIECH00018, PLNFI1000012, 1.0031368249955473e-05
NL0009508712, PLSELNA00010, 1.0034603184625387e-05
PLCMP0000017, PLELEKT00016, 1.0079780091324482e-05
PLBRSZW00011, PLHELIO00014, 1.019628242264973e-05
EE3100063686, PLKETY000011, 1.0198151409188037e-05
IT0005239360, PLATAL000046, 1.0235276411958e-05
PLGMNGF00017, PLUNBEP00015, 1.023980691585466e-05
EE3100063686, PLNVITA00018, 1.02647079526301e-05
PLINCLT00015, PLMRCTR00015, 1.0277715969372702e-05
PLKOMPP00017, PLNFI0600010, 1.0337833988763641e-05
NL0011882741, PLSHPR000021, 1.0347276757045332e-05
PLKRVTM00010, PLMDNCE00016, 1.0396311860243963e-05
PLERGIN00015, PLPEPES00018, 1.0413992666283938e-05
PLLUBAW00013, PLMCIMG00012, 1.0517151918034033e-05
PLINTBD00014, PLZCPLC00036, 1.055880517636609e-05
PLINTKS00013, PLIZBLK00010, 1.0620677142021352e-05
CY0101062111, PLVOTUM00016, 1.0628204838302704e-05
PLHDRTR00013, PLTELL000023, 1.0639318207855606e-05
PLINTBD00014, PLKGHM000017, 1.0644213882967467e-05
PLKOMPP00017, PLNFI0700018, 1.065834591092682e-05
PLBIOTN00029, PLLZPSK00019, 1.065961440347953e-05
PLWDM0000029, PLZTKMA00017, 1.068493308952518e-05
PLINTBD00014, PLKLSTN00017, 1.0685651050218152e-05
PLGTC0000037, PLNFI0500012, 1.0687236596064385e-05
PLINCLT00015, PLPEPES00018, 1.0689330149327013e-05
PLKMPTR00012, PLOPNPL00013, 1.0791531262425166e-05
EE3100063686, PLSTLSK00016, 1.0836291377180321e-05
PLFSING00010, PLPRGNK00017, 1.0909434592413507e-05
PLMSTSD00019, PLPMPOL00031, 1.0960627599178571e-05
CY0101062111, PLCELPD00013, 1.0976145649686832e-05
EE3100063686, PLREMAK00016, 1.1003784724711287e-05
NL0009508712, PLENLMD00017, 1.1006135288134907e-05
LU0122624777, PLMRCOR00016, 1.1038486976477597e-05
PLLUBAW00013, PLPKN0000018, 1.1104559464884873e-05
PLGMNGF00017, PLMKRNP00015, 1.111703823782412e-05
PLADDRG00015, PLMNNCP00011, 1.1132870600207834e-05
PLMAKRM00019, PLREMAK00016, 1.1186861123406801e-05
PLLUBAW00013, PLREDAN00019, 1.1214107380009533e-05
NL0009508712, PLVOTUM00016, 1.1217136925328822e-05
PLGTC0000037, PLLBT0000013, 1.1253809278876577e-05
PLINTKS00013, PLPKO0000016, 1.1290936122498737e-05
PLINTKS00013, PLKGHM000017, 1.1328367638591918e-05
PLBRSZW00011, PLERGIN00015, 1.133363471022334e-05
PLGRNKT00019, PLMKRNP00015, 1.1388537464928383e-05
AT0000827209, PLVSTLA00011, 1.1436646507817662e-05
PLELEKT00016, PLMCIMG00012, 1.1491252639427769e-05
PLMXCMS00016, PLPKN0000018, 1.1492772485692418e-05
PLGMNGF00017, PLZCPLC00036, 1.1509025934649947e-05
NL0009508712, PLHELIO00014, 1.1525200593780976e-05
PLDRZPL00032, PLHELIO00014, 1.156533138832892e-05
PLSFNKS00011, PLWDM0000029, 1.1569742448902778e-05
PLGTC0000037, PLVOTUM00016, 1.1597915024541525e-05
PLKLSTN00017, PLNNGRP00011, 1.1654975964593088e-05
PLINTSP00038, PLRESBD00032, 1.1856503961505856e-05
NL0011882741, PLCMRAY00029, 1.2001541628765803e-05
PLADDRG00015, PLBZ00000044, 1.2128815794981779e-05
LU0646112838, PLWRKSR00019, 1.2231546106249325e-05
PLELZAB00010, PLMNRTR00012, 1.2259006866405677e-05
PLAGORA00067, PLCTINT00018, 1.2313638407606148e-05
LU0611262873, PLODRTS00017, 1.2319146687304305e-05
NL0010391108, PLBIOMX00015, 1.239111018436858e-05
NL0009508712, PLBCLTX00019, 1.2413069065615209e-05
PLMEXPL00010, PLSTLPD00017, 1.2438204832515367e-05
LU0646112838, PLCRTCH00017, 1.2487086955165003e-05
PLADDRG00015, PLERBUD00012, 1.2569539855672948e-05
PLKMPTR00012, PLTIM0000016, 1.2575494227202823e-05
PLKOMPP00017, PLNFI1000012, 1.2576881943051572e-05
PLELEKT00016, PLNTSYS00013, 1.2631742468627363e-05
LT0000131872, PLGNMTC00017, 1.2660988709795577e-05
PLECHPS00019, PLERTEL00011, 1.2768231368867597e-05
PLGMNGF00017, PLGRNKT00019, 1.2826456488653896e-05
PLLENAL00015, PLMOJ0000015, 1.3001646740192765e-05
CY0101062111, LU0607203980, 1.3080470141772933e-05
PLELZAB00010, PLWRWCK00013, 1.310820236214572e-05
PLGRNKT00019, PLLWBGD00016, 1.3130314497002693e-05
PLMAKRM00019, PLRNBWT00031, 1.3143366038265776e-05
PLNFI1000012, PLSTLSK00016, 1.3194823995054613e-05
PLGRNKT00019, PLSTLPF00012, 1.322565838909558e-05
PLINTBD00014, PLKETY000011, 1.3247893404326935e-05
NL0009508712, PLPWRMD00011, 1.3248139747090867e-05
PLGTC0000037, PLTRKPL00014, 1.3258255436699227e-05
LU0646112838, PLUNMOT00013, 1.3272863511964593e-05
EE3100063686, PLBUDMX00013, 1.3286007855845243e-05
PLPMPOL00031, PLRESBD00032, 1.3298410727928492e-05
PLINTKS00013, PLJWWNT00018, 1.330855051666421e-05
FR0000060873, PLRESBD00032, 1.3336226625856589e-05
PLPKPCR00011, US44853H1086, 1.3403684992964774e-05
PLINTKS00013, PLZCPLC00036, 1.3414563625878663e-05
NL0009508712, PLVTLGD00010, 1.342194917445502e-05
PLNFI1200018, PLXPLUS00013, 1.3462674732517907e-05
NL0011882741, PLULTGM00013, 1.3464999261103798e-05
PLFAMUR00012, PLMNRTR00012, 1.3506567230284597e-05
PLLENAL00015, PLWDM0000029, 1.358365935181423e-05
PLRESBD00032, PLSONEL00011, 1.359201587408213e-05
PLIZCJR00017, PLMSTWS00019, 1.3599820898175949e-05
PLGTC0000037, PLKRKCH00019, 1.3644280578047475e-05
PLRFMET00016, PLZSTAL00012, 1.3761239095659693e-05
PLCAMMD00032, PLONDE000018, 1.379530799463285e-05
LU0611262873, PLFERUM00014, 1.3814130500726245e-05
PLGMNGF00017, PLLENAL00015, 1.3825031850261529e-05
PLGMNGF00017, PLPGER000010, 1.3826532046699074e-05
PLGMNGF00017, PLZAPUL00057, 1.3835083585225144e-05
PLELKOP00013, PLVSTLA00011, 1.3837846742343162e-05
EE3100063686, PLBRSZW00011, 1.3842140648408868e-05
PLGMNGF00017, PLREMAK00016, 1.388794679557896e-05
NL0009508712, PLKRK0000010, 1.3899301895907165e-05
PLKLNR000017, PLLCCRP00017, 1.3907050595524467e-05
PLGNMTC00017, PLINTMS00019, 1.3909324413538044e-05
PLRAFAK00018, PLRELPL00014, 1.3955273837600157e-05
PLMSTWS00019, PLZPCOT00018, 1.396196142087801e-05
PLKRVTM00010, PLNVITA00018, 1.3996233286494205e-05
PLGMNGF00017, PLIZSTL00015, 1.4006826034447408e-05
PLRESBD00032, PLZPCOT00018, 1.4078780492240487e-05
NL0011882741, PLBRN2400013, 1.4086913536761285e-05
PLWDM0000029, PLWRWCK00013, 1.4097830431895606e-05
PLADDRG00015, PLRELPL00014, 1.40987602013204e-05
EE3100063686, PLWAWEL00013, 1.4119190500161259e-05
PLADDRG00015, PLNFI0700018, 1.4123520642000443e-05
PLMAKRM00019, PLPEKPL00010, 1.4162293956530381e-05
PLINTBD00014, PLINTCS00010, 1.42334968765969e-05
PLMXCMS00016, PLPCCEX00010, 1.4271286864439329e-05
LU0122624777, NL0009805613, 1.4350928028076498e-05
PLPONAR00012, PLWAWEL00013, 1.4405062769112787e-05
AT0000827209, PLABS0000018, 1.4452060430555953e-05
PLDRZPL00032, PLNFI0700018, 1.4500367941265944e-05
FR0000060873, PLR220000018, 1.4624814598611004e-05
NL0011882741, PLTSQGM00016, 1.4791669362109978e-05
PLHDRTR00013, PLIZCJR00017, 1.4825095599497404e-05
PLDGA0000019, PLFEERM00018, 1.4958559066889584e-05
PLCMRAY00029, PLNEWAG00012, 1.4976364729699986e-05
NL0009508712, PLSTSHL00012, 1.501456498465271e-05
PLFSING00010, PLPLAYW00015, 1.5025878353821677e-05
HU0000089198, PLMEXPL00010, 1.5064426168862576e-05
PLINTBD00014, PLVOXEL00014, 1.5065392015062327e-05
PLADDRG00015, PLMSTWS00019, 1.5194706033801058e-05
PLCMP0000017, PLSTPRK00019, 1.5201214214005643e-05
PLINTKS00013, PLRELPL00014, 1.538053098527981e-05
PLKLNR000017, PLXPLUS00013, 1.552186499232664e-05
PLNFI0700018, PLZSTAL00012, 1.5605444086627965e-05
PLHDRTR00013, PLMWTRD00013, 1.562185604080513e-05
PLGRNKT00019, PLSELNA00010, 1.5657549053883057e-05
PLBRSZW00011, PLZSTAL00012, 1.5709849700483393e-05
NL0009508712, PLNFI0600010, 1.5756677334344858e-05
CY0101062111, PLINPRO00015, 1.5819798327458596e-05
PLSFNKS00011, PLTAURN00011, 1.5853177182123068e-05
PLKLSTN00017, PLNFI0500012, 1.58766577090764e-05
PLBSK0000017, PLKRK0000010, 1.590427656766347e-05
PLFERUM00014, PLPEPES00018, 1.5958233544190628e-05
LU0122624777, PLKMPTR00012, 1.6008160290594664e-05
PLKPPD000017, PLPLSEP00013, 1.6206290035255236e-05
PLCIECH00018, PLKRKCH00019, 1.6254884711547014e-05
PLINTKS00013, PLPEPES00018, 1.6259617284641203e-05
PLINTBD00014, PLSKTAN00010, 1.62754908209842e-05
PLLZPSK00019, PLPANVA00013, 1.6363438952399564e-05
PLBSK0000017, PLSTIGR00012, 1.6428476745495738e-05
PLCMP0000017, PLIDMSA00044, 1.6533634690388278e-05
PLSKLNW00011, PLSTIGR00012, 1.657905078389991e-05
PLMNRTR00012, PLMSTPL00018, 1.657917894384566e-05
PLCAMMD00032, PLCVTNH00040, 1.659799126646204e-05
PLCMP0000017, PLKRINK00014, 1.6598203743367266e-05
PLINTKS00013, PLVVDGM00014, 1.6623163227005822e-05
AT0000827209, PLZATRM00012, 1.670126172311857e-05
PLCRTCH00017, PLLCCRP00017, 1.6757495401268198e-05
PLKMPTR00012, PLLCCRP00017, 1.68377058489529e-05
PLKLNR000017, PLPMPOL00031, 1.6859097611089915e-05
PLLENTX00010, PLSTIGR00012, 1.696755842214893e-05
HU0000089198, PLPILAB00012, 1.6987942759630198e-05
NL0009508712, PLBRE0000012, 1.7000212927235844e-05
PLELKOP00013, PLHELIO00014, 1.7001322020228254e-05
PLAPATR00018, PLLUBAW00013, 1.7030242415684634e-05
EE3100063686, PLRAFAK00018, 1.7228555627225702e-05
PLKMPTR00012, PLMUZA000019, 1.7355690541954556e-05
PLATREM00017, PLERPCO00017, 1.7376117733974697e-05
PLLUBAW00013, PLPEKPL00010, 1.737918532649999e-05
PLGTC0000037, PLZSTAL00012, 1.7387915034967652e-05
PLBRSZW00011, PLZRWZW00012, 1.7408251470844453e-05
PLMNRTR00012, PLSNZKA00033, 1.7643120916286952e-05
PLERPCO00017, PLMRVDV00011, 1.766823450003346e-05
NL0009508712, PLOPTTC00011, 1.77615061224329e-05
PLTELL000023, PLWOJAS00014, 1.7776158389480765e-05
PLMNRTR00012, PLREMAK00016, 1.7779089836054926e-05
PLELKOP00013, PLNFI0600010, 1.7796978796865994e-05
PLIZBLK00010, PLMRVDV00011, 1.780457704913494e-05
PLMEXPL00010, PLRELPL00014, 1.782608827331719e-05
PLKLSTN00017, PLPLTRG00038, 1.7904550205523517e-05
AT0000827209, PLBIG0000016, 1.8008762092431348e-05
PLCMPLD00016, PLFAMUR00012, 1.804624085131796e-05
PLELKOP00013, PLPANVA00013, 1.844665022160014e-05
PLINTBD00014, PLSTLEX00019, 1.846845888377837e-05
PLINTKS00013, PLMWTRD00013, 1.8473790762214997e-05
AT0000827209, PLSKLNW00011, 1.8510284233098806e-05
PLGRNKT00019, PLMAKRM00019, 1.8692670402986244e-05
FR0000060873, PLBOWM000019, 1.8707003099875278e-05
PLLUBAW00013, PLTALEX00017, 1.8776447580756228e-05
LU0122624777, PLNEWAG00012, 1.8778358344376913e-05
AT0000827209, NL0000686509, 1.8857553020504735e-05
PLMXCMS00016, PLVSTLA00011, 1.8885361377027427e-05
PLKMPTR00012, PLLPP0000011, 1.8968389770372054e-05
PLMNRTR00012, PLZTKMA00017, 1.9061583505680483e-05
PLINCLT00015, PLVSTLA00011, 1.906993598700216e-05
PLMNRTR00012, PLMSTWS00019, 1.9099904150246698e-05
PLELKOP00013, PLPEPES00018, 1.924951680740908e-05
PLKMPTR00012, PLMNNCP00011, 1.9354799456379845e-05
PLINTKS00013, PLPTNTS00019, 1.9447315478379587e-05
PLINTBD00014, PLLCCRP00017, 1.944941109571727e-05
PLMAKRM00019, PLWRWCK00013, 1.950367785685881e-05
PLADDRG00015, PLBRE0000012, 1.951214723604649e-05
PLADVPL00029, PLGRPRC00015, 1.954584285068464e-05
DE000A2E3772, PLPOLWX00026, 1.9593081149517634e-05
PLCNTSL00014, PLMSTSD00019, 1.9619113923638596e-05
AT0000827209, PLPKO0000016, 1.9782607632509746e-05
PLMNRTR00012, PLWOJAS00014, 1.9822211281024032e-05
PLSKLNW00011, PLSTLEX00019, 1.9851013334463887e-05
PLCMP0000017, PLPANVA00013, 1.9880278568481863e-05
PLPMPOL00031, PLPRCHM00014, 1.9894586728770406e-05
PLINTKS00013, PLQRCUS00012, 1.996748575241732e-05
PLELKOP00013, PLMAKRM00019, 1.9970507396730558e-05
PLKMPTR00012, PLZTKMA00017, 1.997161679388195e-05
PLELKOP00013, PLLSSFT00016, 2.000657277496146e-05
PLGTC0000037, PLIZSTL00015, 2.0077707577623725e-05
NL0009508712, PLVNDEX00013, 2.0220802628106925e-05
PLLENAL00015, PLSTPRK00019, 2.023663716074594e-05
PLINCLT00015, PLWDM0000029, 2.042212986855572e-05
PLDGA0000019, PLKLSTN00017, 2.0515235296297477e-05
PLGMNGF00017, PLPKBEX00072, 2.0773858600331087e-05
PLGRNKT00019, PLTAURN00011, 2.079260457005415e-05
PLASMGR00014, PLSMFBC00016, 2.081704581453355e-05
PLINTBD00014, PLMBION00016, 2.0852145247904537e-05
PLGMNGF00017, PLPKPCR00011, 2.088167925378718e-05
PLINTKS00013, PLZTKMA00017, 2.0949296709435276e-05
PLRESBD00032, PLRNBWT00031, 2.1021386534935245e-05
PLMSTZB00018, PLWELTN00012, 2.1055821800766575e-05
FR0000060873, PLPSSUS00018, 2.1122167333069935e-05
PLCMP0000017, PLVSTLA00011, 2.114183903894302e-05
PLCNTSL00014, PLPONAR00012, 2.1165934273110635e-05
PLKMPTR00012, PLMCIMG00012, 2.1194836000865353e-05
PLECHPS00019, PLMWTRD00013, 2.1232599437340686e-05
PLMSTSD00019, PLTRNSU00013, 2.1275909702452855e-05
PLGRNKT00019, PLNFI1000012, 2.14449538495922e-05
PLLUBAW00013, PLMSTZB00018, 2.1599408370794616e-05
EE3100063686, PLBEST000010, 2.1839377187708725e-05
PLBOS0000019, PLPOLWX00026, 2.1845754911347648e-05
PLINTKS00013, PLWAWEL00013, 2.1925642813824916e-05
PLATM0000021, PLPONAR00012, 2.195750785813813e-05
EE3100063686, PLNFI0600010, 2.197183259450443e-05
PLBOS0000019, PLWTCHN00030, 2.200866306140325e-05
PLSKTAN00010, PLSTPRK00019, 2.2056454855385636e-05
PLRESBD00032, PLSANWL00012, 2.206975406868609e-05
AT0000827209, PLLPP0000011, 2.2244660043413286e-05
PLGMNGF00017, PLXPLUS00013, 2.2352135286699865e-05
PLGMNGF00017, PLPRCHM00014, 2.2430339186804264e-05
PLGMNGF00017, PLRESBD00032, 2.2475744943734446e-05
PLIDMSA00044, PLMRCOR00016, 2.2494761885222553e-05
PLSANWL00012, PLSTLPF00012, 2.2620314560877722e-05
PLKLSTN00017, PLLVTSF00010, 2.268485730036456e-05
PLFERUM00014, PLPKBEX00072, 2.2714985164409733e-05
PLGMNGF00017, PLGSPR000014, 2.2742855490126e-05
AT0000827209, EE3100001751, 2.2763650896563155e-05
PLCELPD00013, PLFEERM00018, 2.28938537656001e-05
PLGMNGF00017, PLSKLNW00011, 2.3084788667356724e-05
PLELPO000016, PLSFNKS00011, 2.3097824469301667e-05
PLNFI0700018, PLRELPL00014, 2.3098324008045303e-05
PLCELPD00013, PLHMINW00016, 2.3153255164196582e-05
NL0011882741, PLRAFAK00018, 2.326102423246924e-05
AT0000827209, PLNFI0500012, 2.3414729150541015e-05
PLKLSTN00017, PLMNRTR00012, 2.3434012669879085e-05
PLLUBAW00013, PLOPTTC00011, 2.3467639519684754e-05
PLMNRTR00012, PLPWRMD00011, 2.357053525493274e-05
AT0000827209, PLGSPR000014, 2.3628492032665325e-05
PLPROJP00018, PLWOJAS00014, 2.3642964930203257e-05
EE3100063686, PLBRE0000012, 2.37037568568599e-05
AT0000827209, PLWDM0000029, 2.371470327235057e-05
PLINTKS00013, PLSKTAN00010, 2.3774429833744064e-05
PLGMNGF00017, PLSONEL00011, 2.380464961828315e-05
PLKPPD000017, PLNFI1200018, 2.3851417580538327e-05
PLELZAB00010, PLKRKCH00019, 2.3855028737624396e-05
PLINTKS00013, PLUNBEP00015, 2.386621843477097e-05
CY0101062111, PL11BTS00015, 2.3904225860428183e-05
ES0113900J37, PLFSING00010, 2.39106692872538e-05
PLGTC0000037, PLLUBAW00013, 2.395611021238085e-05
PLGRNKT00019, PLWDM0000029, 2.4064483497393633e-05
PLMEXPL00010, PLTALEX00017, 2.4145513959673923e-05
PLADDRG00015, PLECMNG00019, 2.4163396207972635e-05
PLCVTNH00040, PLXTRDM00011, 2.424233004293556e-05
PLINTKS00013, PLVNTIN00011, 2.4260356480783828e-05
EE3100099391, PLGSPR000014, 2.434620001789449e-05
PLPONAR00012, PLPRCHM00014, 2.435725325004166e-05
PLADDRG00015, PLBEST000010, 2.4423242710822997e-05
PLKLSTN00017, PLTWRNV00013, 2.4512037115962103e-05
PLCMP0000017, PLWDM0000029, 2.4524079733206258e-05
PLBTCOM00016, PLPONAR00012, 2.4574782920331622e-05
PLGMNGF00017, PLZSTAL00012, 2.4682834042173455e-05
PLHOGA000041, PLKNOPL00014, 2.473988498087205e-05
PLINTKS00013, PLPROJP00018, 2.475674161456134e-05
PLPONAR00012, PLSKTAN00010, 2.4788153846940542e-05
PLLUBAW00013, PLSNZKA00033, 2.497268047510263e-05
PLGRNKT00019, PLINTCS00010, 2.5359755965038583e-05
PLINTKS00013, PLKGNRC00015, 2.5435733991564393e-05
PLELKOP00013, PLSEKO000014, 2.5454797052972493e-05
PLRESBD00032, PLTALEX00017, 2.5463297128709034e-05
PLHDRTR00013, PLZSTAL00012, 2.550470082950715e-05
PLLZPSK00019, PLTRKPL00014, 2.5906749600808257e-05
PLKLSTN00017, PLR220000018, 2.5933572412578634e-05
PLVSTLA00011, PLWDM0000029, 2.6013546668490674e-05
PLELEKT00016, PLWDM0000029, 2.6127715134987424e-05
PLELZAB00010, PLKRINK00014, 2.6133301966738054e-05
PLGRNKT00019, PLNFI0500012, 2.616665903966573e-05
PLCMP0000017, PLECMNG00019, 2.6251159797728767e-05
PLINTKS00013, PLSARE000013, 2.627981317236308e-05
AT0000827209, PLZTKMA00017, 2.629054879375715e-05
PLNFI0500012, PLSKTAN00010, 2.6307456551985132e-05
PLIDMSA00044, PLIZCJR00017, 2.6438764955467418e-05
CY0101062111, PLVOXEL00014, 2.6525574303575725e-05
PLIZCJR00017, PLZAPUL00057, 2.6721787428497407e-05
PLCNTSL00014, PLFAMUR00012, 2.6738610987200728e-05
PLMNRTR00012, PLPLSEP00013, 2.6769587410526505e-05
EE3100063686, PLMSTSD00019, 2.67869138433385e-05
PLHDRTR00013, PLWELTN00012, 2.679253874161664e-05
PLIDMSA00044, PLINTGR00013, 2.6823433422694118e-05
PLHDRTR00013, PLWRWCK00013, 2.6947905114163314e-05
PLRNKPR00014, PLXTRDM00011, 2.6974967287744636e-05
PLINTBD00014, PLMUZA000019, 2.6995031423307337e-05
PLIZCJR00017, PLLUBAW00013, 2.6999968255305364e-05
PLATM0000021, PLKLNR000017, 2.7210623897733856e-05
PLLUBAW00013, PLNVITA00018, 2.7237438212596307e-05
PLINTSP00038, PLTRNSU00013, 2.74232153721078e-05
CY0101062111, PLSTIGR00012, 2.7517902935369466e-05
PLGMNGF00017, PLRNBWT00031, 2.7656242398658848e-05
PLCMP0000017, PLKNOPL00014, 2.7677312018982584e-05
PLINTKS00013, PLMRCOR00016, 2.7695625565785708e-05
